variant,date,setup,side,entry_5m_ix,entry_px,stop,tp1,tp2,sl_dist,pm_final,quant,red_team,regime,voice_agree,exit_px,exit_reason,pnl_r,pnl_dollars,bars_5m,mfe_r,mae_r
v3_0_fib_partial_pb,2019-11-06,ORB,short,38,8177.75,8220.43,8180.84,8170.46,42.68,46.2,-46.2,0.0,RISK-ON,10,8177.75,tp1_then_be,0.500,42.68,0,0.01,-0.28
v3_0_fib_partial_pb,2020-01-08,ORB,long,37,8915.25,8845.67,8911.60,8928.90,69.58,44.4,44.4,0.0,RISK-ON,7,8928.90,tp2_partial,0.598,83.23,0,0.24,0.00
v3_0_fib_partial_pb,2020-01-10,ORB,short,43,8994.50,9043.63,8994.37,8981.48,49.13,46.5,-46.5,0.0,RISK-ON,10,8994.50,tp1_then_be,0.500,49.13,0,0.11,-0.15
v3_0_fib_partial_pb,2021-01-15,ORB,short,19,12792.00,12933.34,12865.97,12848.75,141.34,46.2,-46.2,0.0,RISK-ON,9,12792.00,tp1_then_be,0.500,141.34,0,0.00,-0.22
v3_0_fib_partial_pb,2021-01-25,ORB,short,28,13411.75,13558.30,13464.71,13440.49,146.55,45.7,-45.7,0.0,RISK-ON,9,13411.75,tp1_then_be,0.500,146.55,0,0.08,-0.07
v3_0_fib_partial_pb,2021-01-29,ORB,short,51,12833.50,13137.87,12949.22,12899.57,304.37,47.2,-47.2,0.0,RISK-ON,9,12833.50,tp1_then_be,0.500,304.37,0,0.00,-0.20
v3_0_fib_partial_pb,2021-02-08,ORB,short,36,13612.50,13676.95,13612.63,13595.93,64.45,44.0,-44.0,0.0,RISK-ON,10,13595.93,tp2_partial,0.629,81.02,0,0.34,-0.00
v3_0_fib_partial_pb,2021-02-16,ORB,short,43,13719.25,13863.44,13783.88,13763.38,144.19,51.9,-51.9,0.0,RISK-ON,9,13719.25,tp1_then_be,0.500,144.19,0,0.01,-0.17
v3_0_fib_partial_pb,2021-12-01,ORB,short,53,16243.00,16358.72,16248.11,16219.30,115.72,41.2,-41.2,0.0,RISK-ON,10,16219.30,tp2_partial,0.602,139.42,1,0.26,-0.36
v3_0_fib_partial_pb,2021-12-09,ORB,short,63,16215.75,16416.91,16313.33,16286.08,201.16,42.2,-42.2,0.0,NEUTRAL,10,16215.75,tp1_then_be,0.500,201.16,0,0.05,-0.05
v3_0_fib_partial_pb,2021-12-28,ORB,short,48,16468.25,16600.72,16500.01,16473.63,132.47,44.7,-44.7,0.0,RISK-ON,10,16468.25,tp1_then_be,0.500,132.47,0,0.00,-0.16
v3_0_fib_partial_pb,2022-03-01,ORB,short,36,14085.00,14259.65,14126.50,14092.16,174.65,45.2,-45.2,0.0,RISK-ON,10,14085.00,tp1_then_be,0.500,174.65,0,0.10,-0.02
v3_0_fib_partial_pb,2022-03-08,ORB,long,45,13535.50,13206.89,13413.14,13466.42,328.61,44.2,44.2,0.0,RISK-ON,8,13535.50,tp1_then_be,0.500,328.61,0,0.05,-0.14
v3_0_fib_partial_pb,2023-02-01,ORB,long,69,12290.75,12085.05,12321.87,12381.82,205.70,40.2,40.2,0.0,RISK-ON,8,12085.05,stop,-1.000,-411.41,2,0.07,-1.05
v3_0_fib_partial_pb,2023-11-14,ORB,long,16,16258.75,15761.50,16106.17,16189.38,497.25,44.4,44.4,0.0,RISK-ON,8,16258.75,tp1_then_be,0.500,497.25,1,0.02,-0.83
v3_0_fib_partial_pb,2023-11-22,ORB,short,16,16059.00,16586.54,15939.08,15773.17,527.54,46.0,-46.0,0.0,RISK-ON,7,16063.00,timeout,0.000,0.00,20,0.10,-0.84
v3_0_fib_partial_pb,2024-01-02,ORB,short,15,16737.25,17100.66,16685.99,16581.67,363.41,50.5,-50.5,0.0,RISK-ON,8,16766.75,timeout,0.000,0.00,20,0.13,-0.94
v3_0_fib_partial_pb,2024-01-17,ORB,long,15,17128.25,16704.32,17136.59,17244.20,423.93,45.6,45.6,0.0,RISK-ON,8,16704.32,stop,-1.000,-847.87,1,0.00,-1.00
v3_0_fib_partial_pb,2024-02-13,ORB,short,76,17581.25,18108.31,17502.01,17347.78,527.06,43.8,-43.8,0.0,RISK-ON,8,17579.00,session_end,0.000,0.00,1,0.02,-0.45
v3_0_fib_partial_pb,2024-02-20,ORB,short,16,17562.50,17981.64,17465.21,17334.76,419.14,40.5,-40.5,0.0,RISK-ON,8,17981.64,stop,-1.000,-838.27,0,0.00,-1.08
v3_0_fib_partial_pb,2024-11-15,ORB,short,19,20643.50,21241.86,20547.46,20369.97,598.36,41.7,-41.7,0.0,RISK-ON,8,20643.50,tp1_then_be,0.500,598.36,10,0.17,-0.45
v3_0_fib_partial_pb,2024-12-06,ORB,long,15,21861.50,21438.36,21913.98,22030.67,423.14,44.5,44.5,0.0,RISK-ON,7,22030.67,tp2_partial,0.700,592.31,0,0.60,-0.64
v3_0_fib_partial_pb,2025-02-06,ORB,long,15,22027.75,21709.96,22079.26,22171.81,317.79,43.9,43.9,0.0,RISK-ON,8,22027.75,tp1_then_be,0.500,317.79,0,0.78,-0.70
v3_0_fib_partial_pb,2026-01-21,ORB,long,72,25900.00,25081.20,25814.86,26001.35,818.80,44.8,44.8,0.0,RISK-ON,8,25900.00,tp1_then_be,0.500,818.80,1,0.09,-0.52
v3_0_fib_partial_pb,2026-02-20,ORB,long,18,25425.00,24688.51,25452.25,25645.93,736.49,44.1,44.1,0.0,RISK-ON,8,25425.00,tp1_then_be,0.500,736.49,9,0.16,-0.76
v3_1_fib_partial_mkt,2019-11-06,ORB,short,38,8177.75,8220.43,8180.84,8170.46,42.68,46.2,-46.2,0.0,RISK-ON,10,8177.75,tp1_then_be,0.500,42.68,0,0.01,-0.28
v3_1_fib_partial_mkt,2020-01-08,ORB,long,37,8915.25,8845.67,8911.60,8928.90,69.58,44.4,44.4,0.0,RISK-ON,7,8928.90,tp2_partial,0.598,83.23,0,0.24,0.00
v3_1_fib_partial_mkt,2020-01-10,ORB,short,43,8994.50,9043.63,8994.37,8981.48,49.13,46.5,-46.5,0.0,RISK-ON,10,8994.50,tp1_then_be,0.500,49.13,0,0.11,-0.15
v3_1_fib_partial_mkt,2021-01-15,ORB,short,19,12792.00,12933.34,12865.97,12848.75,141.34,46.2,-46.2,0.0,RISK-ON,9,12792.00,tp1_then_be,0.500,141.34,0,0.00,-0.22
v3_1_fib_partial_mkt,2021-01-25,ORB,short,28,13411.75,13558.30,13464.71,13440.49,146.55,45.7,-45.7,0.0,RISK-ON,9,13411.75,tp1_then_be,0.500,146.55,0,0.08,-0.07
v3_1_fib_partial_mkt,2021-01-29,ORB,short,51,12833.50,13137.87,12949.22,12899.57,304.37,47.2,-47.2,0.0,RISK-ON,9,12833.50,tp1_then_be,0.500,304.37,0,0.00,-0.20
v3_1_fib_partial_mkt,2021-02-08,ORB,short,36,13612.50,13676.95,13612.63,13595.93,64.45,44.0,-44.0,0.0,RISK-ON,10,13595.93,tp2_partial,0.629,81.02,0,0.34,-0.00
v3_1_fib_partial_mkt,2021-02-16,ORB,short,43,13719.25,13863.44,13783.88,13763.38,144.19,51.9,-51.9,0.0,RISK-ON,9,13719.25,tp1_then_be,0.500,144.19,0,0.01,-0.17
v3_1_fib_partial_mkt,2021-12-01,ORB,short,53,16243.00,16358.72,16248.11,16219.30,115.72,41.2,-41.2,0.0,RISK-ON,10,16219.30,tp2_partial,0.602,139.42,1,0.26,-0.36
v3_1_fib_partial_mkt,2021-12-09,ORB,short,63,16215.75,16416.91,16313.33,16286.08,201.16,42.2,-42.2,0.0,NEUTRAL,10,16215.75,tp1_then_be,0.500,201.16,0,0.05,-0.05
v3_1_fib_partial_mkt,2021-12-28,ORB,short,48,16468.25,16600.72,16500.01,16473.63,132.47,44.7,-44.7,0.0,RISK-ON,10,16468.25,tp1_then_be,0.500,132.47,0,0.00,-0.16
v3_1_fib_partial_mkt,2022-03-01,ORB,short,36,14085.00,14259.65,14126.50,14092.16,174.65,45.2,-45.2,0.0,RISK-ON,10,14085.00,tp1_then_be,0.500,174.65,0,0.10,-0.02
v3_1_fib_partial_mkt,2022-03-08,ORB,long,45,13535.50,13206.89,13413.14,13466.42,328.61,44.2,44.2,0.0,RISK-ON,8,13535.50,tp1_then_be,0.500,328.61,0,0.05,-0.14
v3_1_fib_partial_mkt,2023-02-01,ORB,long,69,12290.75,12085.05,12321.87,12381.82,205.70,40.2,40.2,0.0,RISK-ON,8,12085.05,stop,-1.000,-411.41,2,0.07,-1.05
v3_1_fib_partial_mkt,2023-11-14,ORB,long,16,16258.75,15761.50,16106.17,16189.38,497.25,44.4,44.4,0.0,RISK-ON,8,16258.75,tp1_then_be,0.500,497.25,1,0.02,-0.83
v3_1_fib_partial_mkt,2023-11-22,ORB,short,16,16059.00,16586.54,15939.08,15773.17,527.54,46.0,-46.0,0.0,RISK-ON,7,16063.00,timeout,0.000,0.00,20,0.10,-0.84
v3_1_fib_partial_mkt,2024-01-02,ORB,short,15,16737.25,17100.66,16685.99,16581.67,363.41,50.5,-50.5,0.0,RISK-ON,8,16766.75,timeout,0.000,0.00,20,0.13,-0.94
v3_1_fib_partial_mkt,2024-01-17,ORB,long,15,17128.25,16704.32,17136.59,17244.20,423.93,45.6,45.6,0.0,RISK-ON,8,16704.32,stop,-1.000,-847.87,1,0.00,-1.00
v3_1_fib_partial_mkt,2024-02-13,ORB,short,76,17581.25,18108.31,17502.01,17347.78,527.06,43.8,-43.8,0.0,RISK-ON,8,17579.00,session_end,0.000,0.00,1,0.02,-0.45
v3_1_fib_partial_mkt,2024-02-20,ORB,short,16,17562.50,17981.64,17465.21,17334.76,419.14,40.5,-40.5,0.0,RISK-ON,8,17981.64,stop,-1.000,-838.27,0,0.00,-1.08
v3_1_fib_partial_mkt,2024-11-15,ORB,short,19,20643.50,21241.86,20547.46,20369.97,598.36,41.7,-41.7,0.0,RISK-ON,8,20643.50,tp1_then_be,0.500,598.36,10,0.17,-0.45
v3_1_fib_partial_mkt,2024-12-06,ORB,long,15,21861.50,21438.36,21913.98,22030.67,423.14,44.5,44.5,0.0,RISK-ON,7,22030.67,tp2_partial,0.700,592.31,0,0.60,-0.64
v3_1_fib_partial_mkt,2025-02-06,ORB,long,15,22027.75,21709.96,22079.26,22171.81,317.79,43.9,43.9,0.0,RISK-ON,8,22027.75,tp1_then_be,0.500,317.79,0,0.78,-0.70
v3_1_fib_partial_mkt,2026-01-21,ORB,long,72,25900.00,25081.20,25814.86,26001.35,818.80,44.8,44.8,0.0,RISK-ON,8,25900.00,tp1_then_be,0.500,818.80,1,0.09,-0.52
v3_1_fib_partial_mkt,2026-02-20,ORB,long,18,25425.00,24688.51,25452.25,25645.93,736.49,44.1,44.1,0.0,RISK-ON,8,25425.00,tp1_then_be,0.500,736.49,9,0.16,-0.76
v3_2_rmult_partial_pb,2019-11-06,ORB,short,38,8177.75,8220.43,8113.73,8049.72,42.68,46.2,-46.2,0.0,RISK-ON,10,8189.25,timeout,0.000,0.00,20,0.39,-0.32
v3_2_rmult_partial_pb,2020-01-08,ORB,long,37,8915.25,8845.67,9019.63,9124.00,69.58,44.4,44.4,0.0,RISK-ON,7,8936.13,trail_lock,0.300,41.75,10,0.68,0.00
v3_2_rmult_partial_pb,2020-01-10,ORB,short,43,8994.50,9043.63,8920.80,8847.10,49.13,46.5,-46.5,0.0,RISK-ON,10,9014.00,timeout,0.000,0.00,20,0.11,-0.51
v3_2_rmult_partial_pb,2021-01-15,ORB,short,19,12792.00,12933.34,12579.99,12367.98,141.34,46.2,-46.2,0.0,RISK-ON,9,12840.75,timeout,0.000,0.00,20,0.40,-0.58
v3_2_rmult_partial_pb,2021-01-25,ORB,short,28,13411.75,13558.30,13191.92,12972.09,146.55,45.7,-45.7,0.0,RISK-ON,9,13411.75,tp1_then_be,0.500,146.55,13,1.57,-0.07
v3_2_rmult_partial_pb,2021-01-29,ORB,short,51,12833.50,13137.87,12376.94,11920.38,304.37,47.2,-47.2,0.0,RISK-ON,9,12910.50,timeout,0.000,0.00,20,0.03,-0.41
v3_2_rmult_partial_pb,2021-02-08,ORB,short,36,13612.50,13676.95,13515.83,13419.16,64.45,44.0,-44.0,0.0,RISK-ON,10,13628.50,timeout,0.000,0.00,20,0.43,-0.61
v3_2_rmult_partial_pb,2021-02-16,ORB,short,43,13719.25,13863.44,13502.96,13286.67,144.19,51.9,-51.9,0.0,RISK-ON,9,13767.00,timeout,0.000,0.00,20,0.01,-0.58
v3_2_rmult_partial_pb,2021-12-01,ORB,short,53,16243.00,16358.72,16069.42,15895.84,115.72,41.2,-41.2,0.0,RISK-ON,10,16208.28,trail_lock,0.300,69.43,10,0.91,-0.36
v3_2_rmult_partial_pb,2021-12-09,ORB,short,63,16215.75,16416.91,15914.01,15612.27,201.16,42.2,-42.2,0.0,NEUTRAL,10,16204.50,session_end,0.000,0.00,13,0.12,-0.22
v3_2_rmult_partial_pb,2021-12-28,ORB,short,48,16468.25,16600.72,16269.54,16070.84,132.47,44.7,-44.7,0.0,RISK-ON,10,16473.00,timeout,0.000,0.00,20,0.11,-0.32
v3_2_rmult_partial_pb,2022-03-01,ORB,short,36,14085.00,14259.65,13823.02,13561.05,174.65,45.2,-45.2,0.0,RISK-ON,10,14026.25,timeout,0.000,0.00,20,0.51,-0.19
v3_2_rmult_partial_pb,2022-03-08,ORB,long,45,13535.50,13206.89,14028.42,14521.34,328.61,44.2,44.2,0.0,RISK-ON,8,13328.50,timeout,0.000,0.00,20,0.40,-0.74
v3_2_rmult_partial_pb,2023-02-01,ORB,long,69,12290.75,12085.05,12599.30,12907.86,205.70,40.2,40.2,0.0,RISK-ON,8,12085.05,stop,-1.000,-411.41,2,0.07,-1.05
v3_2_rmult_partial_pb,2023-11-14,ORB,long,16,16258.75,15761.50,17004.63,17750.50,497.25,44.4,44.4,0.0,RISK-ON,8,15866.50,timeout,0.000,0.00,20,0.05,-0.83
v3_2_rmult_partial_pb,2023-11-22,ORB,short,16,16059.00,16586.54,15267.69,14476.38,527.54,46.0,-46.0,0.0,RISK-ON,7,16063.00,timeout,0.000,0.00,20,0.10,-0.84
v3_2_rmult_partial_pb,2024-01-02,ORB,short,15,16737.25,17100.66,16192.14,15647.02,363.41,50.5,-50.5,0.0,RISK-ON,8,16766.75,timeout,0.000,0.00,20,0.13,-0.94
v3_2_rmult_partial_pb,2024-01-17,ORB,long,15,17128.25,16704.32,17764.15,18400.05,423.93,45.6,45.6,0.0,RISK-ON,8,16704.32,stop,-1.000,-847.87,1,0.00,-1.00
v3_2_rmult_partial_pb,2024-02-13,ORB,short,76,17581.25,18108.31,16790.67,16000.08,527.06,43.8,-43.8,0.0,RISK-ON,8,17579.00,session_end,0.000,0.00,1,0.02,-0.45
v3_2_rmult_partial_pb,2024-02-20,ORB,short,16,17562.50,17981.64,16933.80,16305.09,419.14,40.5,-40.5,0.0,RISK-ON,8,17981.64,stop,-1.000,-838.27,0,0.00,-1.08
v3_2_rmult_partial_pb,2024-11-15,ORB,short,19,20643.50,21241.86,19745.96,18848.42,598.36,41.7,-41.7,0.0,RISK-ON,8,20529.25,timeout,0.000,0.00,20,0.21,-0.45
v3_2_rmult_partial_pb,2024-12-06,ORB,long,15,21861.50,21438.36,22496.21,23130.91,423.14,44.5,44.5,0.0,RISK-ON,7,21988.44,trail_lock,0.300,253.88,1,0.60,-0.64
v3_2_rmult_partial_pb,2025-02-06,ORB,long,15,22027.75,21709.96,22504.43,22981.12,317.79,43.9,43.9,0.0,RISK-ON,8,22123.09,trail_lock,0.300,190.67,0,0.78,-0.70
v3_2_rmult_partial_pb,2026-01-21,ORB,long,72,25900.00,25081.20,27128.20,28356.39,818.80,44.8,44.8,0.0,RISK-ON,8,26094.25,session_end,0.000,0.00,4,0.24,-0.52
v3_2_rmult_partial_pb,2026-02-20,ORB,long,18,25425.00,24688.51,26529.73,27634.46,736.49,44.1,44.1,0.0,RISK-ON,8,25320.25,timeout,0.000,0.00,20,0.17,-0.76
v3_3_fib_noptl_pb,2019-11-06,ORB,short,38,8177.75,8220.43,8180.84,8170.46,42.68,46.2,-46.2,0.0,RISK-ON,10,8180.84,tp1,-0.072,-6.18,0,0.00,-0.28
v3_3_fib_noptl_pb,2020-01-08,ORB,long,37,8915.25,8845.67,8911.60,8928.90,69.58,44.4,44.4,0.0,RISK-ON,7,8911.60,tp1,-0.052,-7.30,0,0.18,0.00
v3_3_fib_noptl_pb,2020-01-10,ORB,short,43,8994.50,9043.63,8994.37,8981.48,49.13,46.5,-46.5,0.0,RISK-ON,10,8994.37,tp1,0.003,0.26,0,0.11,-0.07
v3_3_fib_noptl_pb,2021-01-15,ORB,short,19,12792.00,12933.34,12865.97,12848.75,141.34,46.2,-46.2,0.0,RISK-ON,9,12848.75,tp2,-0.402,-113.51,0,0.00,-0.22
v3_3_fib_noptl_pb,2021-01-25,ORB,short,28,13411.75,13558.30,13464.71,13440.49,146.55,45.7,-45.7,0.0,RISK-ON,9,13440.49,tp2,-0.196,-57.48,0,0.08,0.00
v3_3_fib_noptl_pb,2021-01-29,ORB,short,51,12833.50,13137.87,12949.22,12899.57,304.37,47.2,-47.2,0.0,RISK-ON,9,12899.57,tp2,-0.217,-132.13,0,0.00,-0.20
v3_3_fib_noptl_pb,2021-02-08,ORB,short,36,13612.50,13676.95,13612.63,13595.93,64.45,44.0,-44.0,0.0,RISK-ON,10,13612.63,tp1,-0.002,-0.25,0,0.13,-0.00
v3_3_fib_noptl_pb,2021-02-16,ORB,short,43,13719.25,13863.44,13783.88,13763.38,144.19,51.9,-51.9,0.0,RISK-ON,9,13763.38,tp2,-0.306,-88.27,0,0.01,-0.11
v3_3_fib_noptl_pb,2021-12-01,ORB,short,53,16243.00,16358.72,16248.11,16219.30,115.72,41.2,-41.2,0.0,RISK-ON,10,16248.11,tp1,-0.044,-10.21,1,0.07,-0.36
v3_3_fib_noptl_pb,2021-12-09,ORB,short,63,16215.75,16416.91,16313.33,16286.08,201.16,42.2,-42.2,0.0,NEUTRAL,10,16286.08,tp2,-0.350,-140.67,0,0.05,-0.02
v3_3_fib_noptl_pb,2021-12-28,ORB,short,48,16468.25,16600.72,16500.01,16473.63,132.47,44.7,-44.7,0.0,RISK-ON,10,16500.01,tp1,-0.240,-63.52,0,0.00,-0.09
v3_3_fib_noptl_pb,2022-03-01,ORB,short,36,14085.00,14259.65,14126.50,14092.16,174.65,45.2,-45.2,0.0,RISK-ON,10,14092.16,tp2,-0.041,-14.33,0,0.07,-0.02
v3_3_fib_noptl_pb,2022-03-08,ORB,long,45,13535.50,13206.89,13413.14,13466.42,328.61,44.2,44.2,0.0,RISK-ON,8,13466.42,tp2,-0.210,-138.16,0,0.05,0.00
v3_3_fib_noptl_pb,2023-02-01,ORB,long,69,12290.75,12085.05,12321.87,12381.82,205.70,40.2,40.2,0.0,RISK-ON,8,12085.05,stop,-1.000,-411.41,2,0.07,-1.05
v3_3_fib_noptl_pb,2023-11-14,ORB,long,16,16258.75,15761.50,16106.17,16189.38,497.25,44.4,44.4,0.0,RISK-ON,8,16189.38,tp2,-0.140,-138.74,1,0.02,-0.83
v3_3_fib_noptl_pb,2023-11-22,ORB,short,16,16059.00,16586.54,15939.08,15773.17,527.54,46.0,-46.0,0.0,RISK-ON,7,16063.00,timeout,0.000,0.00,20,0.10,-0.84
v3_3_fib_noptl_pb,2024-01-02,ORB,short,15,16737.25,17100.66,16685.99,16581.67,363.41,50.5,-50.5,0.0,RISK-ON,8,16766.75,timeout,0.000,0.00,20,0.13,-0.94
v3_3_fib_noptl_pb,2024-01-17,ORB,long,15,17128.25,16704.32,17136.59,17244.20,423.93,45.6,45.6,0.0,RISK-ON,8,16704.32,stop,-1.000,-847.87,1,0.00,-1.00
v3_3_fib_noptl_pb,2024-02-13,ORB,short,76,17581.25,18108.31,17502.01,17347.78,527.06,43.8,-43.8,0.0,RISK-ON,8,17579.00,session_end,0.000,0.00,1,0.02,-0.45
v3_3_fib_noptl_pb,2024-02-20,ORB,short,16,17562.50,17981.64,17465.21,17334.76,419.14,40.5,-40.5,0.0,RISK-ON,8,17981.64,stop,-1.000,-838.27,0,0.00,-1.08
v3_3_fib_noptl_pb,2024-11-15,ORB,short,19,20643.50,21241.86,20547.46,20369.97,598.36,41.7,-41.7,0.0,RISK-ON,8,20547.46,tp1,0.160,192.07,9,0.17,-0.45
v3_3_fib_noptl_pb,2024-12-06,ORB,long,15,21861.50,21438.36,21913.98,22030.67,423.14,44.5,44.5,0.0,RISK-ON,7,22030.67,tp2,0.400,338.34,0,0.58,-0.64
v3_3_fib_noptl_pb,2025-02-06,ORB,long,15,22027.75,21709.96,22079.26,22171.81,317.79,43.9,43.9,0.0,RISK-ON,8,22171.81,tp2,0.453,288.13,0,0.78,-0.01
v3_3_fib_noptl_pb,2026-01-21,ORB,long,72,25900.00,25081.20,25814.86,26001.35,818.80,44.8,44.8,0.0,RISK-ON,8,25814.86,tp1,-0.104,-170.28,0,0.08,-0.52
v3_3_fib_noptl_pb,2026-02-20,ORB,long,18,25425.00,24688.51,25452.25,25645.93,736.49,44.1,44.1,0.0,RISK-ON,8,25452.25,tp1,0.037,54.50,9,0.16,-0.76
v3_4_fib_partial_pm30,2019-05-17,EMA PB,short,77,7514.25,7537.20,7491.30,7479.83,22.95,31.6,-31.6,0.0,RISK-ON,8,7514.25,session_end,0.000,0.00,0,0.00,0.00
v3_4_fib_partial_pm30,2019-11-06,ORB,short,38,8177.75,8220.43,8180.84,8170.46,42.68,46.2,-46.2,0.0,RISK-ON,10,8177.75,tp1_then_be,0.500,42.68,0,0.01,-0.28
v3_4_fib_partial_pm30,2019-11-07,ORB,long,41,8277.00,8232.41,8286.15,8300.34,44.59,36.6,36.6,0.0,RISK-ON,7,8277.00,tp1_then_be,0.500,44.59,4,0.27,-0.35
v3_4_fib_partial_pm30,2019-11-12,EMA PB,long,32,8291.00,8282.75,8299.25,8303.38,8.25,33.3,33.3,0.0,RISK-ON,6,8291.00,tp1_then_be,0.500,8.25,4,3.51,-0.06
v3_4_fib_partial_pm30,2019-11-14,ORB,short,39,8223.00,8259.34,8232.31,8225.39,36.34,32.8,-32.8,0.0,NEUTRAL,10,8223.00,tp1_then_be,0.500,36.34,0,0.08,-0.62
v3_4_fib_partial_pm30,2019-11-21,ORB,short,21,8257.50,8287.91,8256.11,8247.98,30.41,39.2,-39.2,0.0,RISK-ON,8,8257.50,tp1_then_be,0.500,30.41,1,0.12,-0.18
v3_4_fib_partial_pm30,2019-12-03,ORB,short,15,8175.50,8238.44,8178.08,8162.59,62.94,32.9,-32.9,0.0,NEUTRAL,8,8175.50,tp1_then_be,0.500,62.94,0,0.00,-0.17
v3_4_fib_partial_pm30,2019-12-11,ORB,long,76,8404.00,8360.33,8408.47,8420.84,43.67,35.3,35.3,0.0,RISK-ON,6,8407.25,session_end,0.500,43.67,1,0.60,0.00
v3_4_fib_partial_pm30,2019-12-18,ORB,long,33,8634.75,8581.10,8640.06,8654.76,53.65,37.5,37.5,0.0,RISK-ON,7,8634.75,tp1_then_be,0.500,53.65,4,0.12,-0.59
v3_4_fib_partial_pm30,2019-12-26,ORB,long,15,8758.00,8738.38,8760.31,8766.10,19.62,36.1,36.1,0.0,RISK-ON,9,8758.00,tp1_then_be,0.500,19.62,1,1.02,-0.13
v3_4_fib_partial_pm30,2020-01-08,ORB,long,37,8915.25,8845.67,8911.60,8928.90,69.58,44.4,44.4,0.0,RISK-ON,7,8928.90,tp2_partial,0.598,83.23,0,0.24,0.00
v3_4_fib_partial_pm30,2020-01-08,EMA PB,long,74,8945.75,8933.73,8957.77,8963.77,12.02,30.1,30.1,0.0,NEUTRAL,7,8949.50,session_end,0.000,0.00,3,0.35,-0.10
v3_4_fib_partial_pm30,2020-01-10,ORB,short,43,8994.50,9043.63,8994.37,8981.48,49.13,46.5,-46.5,0.0,RISK-ON,10,8994.50,tp1_then_be,0.500,49.13,0,0.11,-0.15
v3_4_fib_partial_pm30,2020-01-15,ORB,long,16,9083.50,9049.39,9086.93,9096.71,34.11,39.3,39.3,0.0,RISK-ON,8,9083.50,tp1_then_be,0.500,34.11,3,0.23,-0.17
v3_4_fib_partial_pm30,2020-02-03,ORB,long,16,9114.75,9033.96,9130.20,9155.89,80.79,34.3,34.3,0.0,RISK-ON,7,9127.00,timeout,0.500,80.79,20,0.58,-0.03
v3_4_fib_partial_pm30,2020-02-10,EMA PB,long,35,9472.00,9451.41,9492.59,9502.89,20.59,35.0,35.0,0.0,RISK-ON,7,9478.18,trail_lock,0.300,12.36,4,0.64,-0.21
v3_4_fib_partial_pm30,2020-02-11,ORB,short,66,9537.75,9601.89,9524.95,9504.54,64.14,36.6,-36.6,0.0,RISK-ON,8,9537.75,tp1_then_be,0.500,64.14,5,0.21,-0.21
v3_4_fib_partial_pm30,2020-02-13,ORB,long,16,9608.00,9536.07,9608.57,9627.43,71.93,38.7,38.7,0.0,RISK-ON,8,9608.00,tp1_then_be,0.500,71.93,8,0.02,-0.75
v3_4_fib_partial_pm30,2020-02-21,ORB,short,15,9483.25,9608.12,9517.62,9493.92,124.87,35.8,-35.8,0.0,NEUTRAL,9,9483.25,tp1_then_be,0.500,124.87,0,0.00,-0.21
v3_4_fib_partial_pm30,2020-02-26,ORB,short,61,8840.00,9037.42,8838.52,8785.75,197.42,37.3,-37.3,0.0,NEUTRAL,10,8840.00,tp1_then_be,0.500,197.42,0,0.06,-0.04
v3_4_fib_partial_pm30,2020-03-04,ORB,long,22,8788.75,8688.10,8801.89,8831.65,100.65,30.1,30.1,0.0,RISK-ON,7,8737.75,timeout,0.000,0.00,20,0.10,-0.88
v3_4_fib_partial_pm30,2020-05-19,EMA PB,long,61,9408.00,9388.36,9427.64,9437.47,19.64,31.0,31.0,0.0,RISK-ON,7,9388.36,stop,-1.000,-39.29,3,0.45,-1.35
v3_4_fib_partial_pm30,2020-11-04,EMA PB,long,29,11781.25,11716.13,11846.37,11878.93,65.12,31.9,31.9,0.0,RISK-ON,8,11716.13,stop,-1.000,-130.24,3,0.16,-1.07
v3_4_fib_partial_pm30,2020-11-12,ORB,short,59,11803.00,11962.05,11860.06,11833.41,159.05,34.9,-34.9,0.0,RISK-ON,8,11803.00,tp1_then_be,0.500,159.05,0,0.06,-0.12
v3_4_fib_partial_pm30,2020-11-18,ORB,long,42,12014.50,11935.64,12002.24,12019.71,78.86,34.9,34.9,0.0,RISK-ON,8,12019.71,tp2_partial,0.533,84.07,0,0.11,0.00
v3_4_fib_partial_pm30,2020-11-19,ORB,long,15,11896.00,11838.87,11909.23,11927.66,57.13,31.6,31.6,0.0,RISK-ON,7,11896.00,tp1_then_be,0.500,57.13,4,0.53,-0.21
v3_4_fib_partial_pm30,2020-12-02,EMA PB,long,31,12429.50,12397.05,12461.95,12478.17,32.45,31.7,31.7,0.0,RISK-ON,7,12470.25,timeout,0.500,32.45,12,1.29,-0.26
v3_4_fib_partial_pm30,2020-12-28,EMA PB,long,31,12819.75,12785.48,12854.02,12871.15,34.27,31.5,31.5,0.0,RISK-ON,7,12808.50,timeout,0.000,0.00,12,0.20,-0.70
v3_4_fib_partial_pm30,2020-12-30,EMA PB,short,23,12842.75,12874.13,12811.37,12795.68,31.38,31.7,-31.7,0.0,RISK-ON,7,12842.75,tp1_then_be,0.500,31.38,4,1.15,-0.73
v3_4_fib_partial_pm30,2020-12-31,ORB,short,41,12802.00,12860.12,12797.15,12780.80,58.12,35.8,-35.8,0.0,RISK-ON,8,12802.00,tp1_then_be,0.500,58.12,1,0.14,-0.21
v3_4_fib_partial_pm30,2021-01-04,ORB,short,29,12746.50,12927.41,12833.96,12809.74,180.91,34.2,-46.2,15.0,RISK-ON,9,12746.50,tp1_then_be,0.500,180.91,0,0.04,-0.20
v3_4_fib_partial_pm30,2021-01-06,ORB,long,15,12645.75,12547.16,12646.20,12671.89,98.59,36.0,36.0,0.0,RISK-ON,8,12645.75,tp1_then_be,0.500,98.59,0,0.16,-0.01
v3_4_fib_partial_pm30,2021-01-12,ORB,short,15,12886.50,12951.46,12880.72,12862.56,64.96,31.6,-31.6,0.0,RISK-ON,8,12862.56,tp2_partial,0.684,88.90,0,0.66,0.00
v3_4_fib_partial_pm30,2021-01-13,ORB,long,16,12935.75,12855.10,12926.80,12945.31,80.65,34.4,34.4,0.0,RISK-ON,8,12935.75,tp1_then_be,0.500,80.65,0,0.00,-0.18
v3_4_fib_partial_pm30,2021-01-15,ORB,short,19,12792.00,12933.34,12865.97,12848.75,141.34,46.2,-46.2,0.0,RISK-ON,9,12792.00,tp1_then_be,0.500,141.34,0,0.00,-0.22
v3_4_fib_partial_pm30,2021-01-19,ORB,short,15,12863.75,12933.51,12877.08,12862.54,69.76,34.6,-34.6,0.0,RISK-ON,8,12863.75,tp1_then_be,0.500,69.76,0,0.00,-0.30
v3_4_fib_partial_pm30,2021-01-25,ORB,short,28,13411.75,13558.30,13464.71,13440.49,146.55,45.7,-45.7,0.0,RISK-ON,9,13411.75,tp1_then_be,0.500,146.55,0,0.08,-0.07
v3_4_fib_partial_pm30,2021-01-29,ORB,short,51,12833.50,13137.87,12949.22,12899.57,304.37,47.2,-47.2,0.0,RISK-ON,9,12833.50,tp1_then_be,0.500,304.37,0,0.00,-0.20
v3_4_fib_partial_pm30,2021-02-08,ORB,short,36,13612.50,13676.95,13612.63,13595.93,64.45,44.0,-44.0,0.0,RISK-ON,10,13595.93,tp2_partial,0.629,81.02,0,0.34,-0.00
v3_4_fib_partial_pm30,2021-02-10,ORB,short,22,13556.00,13766.70,13690.45,13670.99,210.70,34.2,-46.2,15.0,RISK-ON,9,13556.00,tp1_then_be,0.500,210.70,0,0.00,-0.37
v3_4_fib_partial_pm30,2021-02-12,EMA PB,long,34,13739.25,13711.35,13767.15,13781.10,27.90,33.4,33.4,0.0,RISK-ON,7,13732.75,timeout,0.000,0.00,12,0.56,-0.57
v3_4_fib_partial_pm30,2021-02-16,ORB,short,43,13719.25,13863.44,13783.88,13763.38,144.19,51.9,-51.9,0.0,RISK-ON,9,13719.25,tp1_then_be,0.500,144.19,0,0.01,-0.17
v3_4_fib_partial_pm30,2021-02-22,ORB,long,15,13427.25,13353.65,13442.45,13465.29,73.60,30.8,30.8,0.0,RISK-ON,6,13427.25,tp1_then_be,0.500,73.60,3,0.25,-0.24
v3_4_fib_partial_pm30,2021-02-25,ORB,short,27,13078.75,13296.14,13143.72,13103.93,217.39,34.1,-34.1,0.0,RISK-ON,7,13078.75,tp1_then_be,0.500,217.39,0,0.12,-0.05
v3_4_fib_partial_pm30,2021-03-09,ORB,long,15,12658.00,12576.12,12671.90,12696.90,81.88,36.9,36.9,0.0,NEUTRAL,8,12658.00,tp1_then_be,0.500,81.88,0,0.24,-0.19
v3_4_fib_partial_pm30,2021-04-16,EMA PB,long,63,14030.25,14003.47,14057.03,14070.41,26.78,32.2,32.2,0.0,RISK-ON,7,14034.00,timeout,0.000,0.00,12,0.40,-0.79
v3_4_fib_partial_pm30,2021-08-04,EMA PB,long,61,15104.50,15080.59,15128.41,15140.37,23.91,30.4,30.4,0.0,NEUTRAL,7,15080.59,stop,-1.000,-47.82,2,0.00,-1.07
v3_4_fib_partial_pm30,2021-11-09,ORB,short,15,16327.00,16394.22,16343.73,16330.67,67.22,39.6,-39.6,0.0,RISK-ON,8,16330.67,tp2_partial,0.473,63.55,0,0.19,-0.03
v3_4_fib_partial_pm30,2021-11-10,ORB,long,15,16137.75,16036.07,16145.49,16173.77,101.68,30.5,30.5,0.0,RISK-ON,7,16173.77,tp2_partial,0.677,137.70,1,0.42,-0.24
v3_4_fib_partial_pm30,2021-11-15,ORB,short,38,16105.00,16256.81,16199.69,16184.99,151.81,32.9,-44.9,15.0,RISK-ON,9,16105.00,tp1_then_be,0.500,151.81,0,0.06,-0.12
v3_4_fib_partial_pm30,2021-11-19,ORB,long,15,16580.00,16513.43,16580.49,16597.96,66.57,39.5,39.5,0.0,RISK-ON,8,16580.00,tp1_then_be,0.500,66.57,0,0.12,-0.13
v3_4_fib_partial_pm30,2021-11-22,ORB,short,38,16579.75,16714.95,16618.33,16592.98,135.20,35.1,-47.1,15.0,RISK-ON,9,16579.75,tp1_then_be,0.500,135.20,0,0.03,-0.15
v3_4_fib_partial_pm30,2021-11-23,ORB,long,15,16403.00,16278.78,16412.18,16447.38,124.22,31.7,31.7,0.0,NEUTRAL,8,16403.00,tp1_then_be,0.500,124.22,0,0.11,-0.05
v3_4_fib_partial_pm30,2021-11-24,ORB,long,22,16235.00,16108.16,16233.57,16266.09,126.84,30.3,30.3,0.0,RISK-ON,7,16266.09,tp2_partial,0.623,157.94,2,0.27,0.00
v3_4_fib_partial_pm30,2021-11-30,ORB,long,16,16389.50,16314.96,16387.76,16406.53,74.54,30.7,42.7,15.0,RISK-ON,8,16406.53,tp2_partial,0.614,91.56,0,0.38,0.00
v3_4_fib_partial_pm30,2021-12-01,ORB,short,53,16243.00,16358.72,16248.11,16219.30,115.72,41.2,-41.2,0.0,RISK-ON,10,16219.30,tp2_partial,0.602,139.42,1,0.26,-0.36
v3_4_fib_partial_pm30,2021-12-02,ORB,long,16,15999.25,15780.63,16030.59,16096.85,218.62,34.8,34.8,0.0,RISK-ON,7,15780.63,stop,-1.000,-437.24,9,0.13,-1.04
v3_4_fib_partial_pm30,2021-12-09,ORB,short,63,16215.75,16416.91,16313.33,16286.08,201.16,42.2,-42.2,0.0,NEUTRAL,10,16215.75,tp1_then_be,0.500,201.16,0,0.05,-0.05
v3_4_fib_partial_pm30,2021-12-15,ORB,short,15,15831.25,15932.81,15845.71,15823.39,101.56,35.7,-35.7,0.0,RISK-ON,8,15831.25,tp1_then_be,0.500,101.56,0,0.04,-0.09
v3_4_fib_partial_pm30,2021-12-22,ORB,long,15,16021.50,15930.25,16033.60,16060.76,91.25,34.6,34.6,0.0,RISK-ON,8,16021.50,tp1_then_be,0.500,91.25,1,0.25,-0.27
v3_4_fib_partial_pm30,2021-12-28,ORB,short,48,16468.25,16600.72,16500.01,16473.63,132.47,44.7,-44.7,0.0,RISK-ON,10,16468.25,tp1_then_be,0.500,132.47,0,0.00,-0.16
v3_4_fib_partial_pm30,2022-01-14,ORB,long,16,15539.00,15373.97,15570.87,15622.85,165.03,34.7,34.7,0.0,RISK-ON,7,15539.00,tp1_then_be,0.500,165.03,1,0.34,-0.01
v3_4_fib_partial_pm30,2022-01-21,ORB,short,16,14660.25,14824.21,14624.79,14572.37,163.96,34.5,-34.5,0.0,RISK-ON,8,14660.25,tp1_then_be,0.500,163.96,2,0.34,-0.11
v3_4_fib_partial_pm30,2022-01-27,ORB,long,15,14367.25,14228.80,14384.46,14425.11,138.45,36.4,36.4,0.0,RISK-ON,8,14367.25,tp1_then_be,0.500,138.45,1,0.20,-0.16
v3_4_fib_partial_pm30,2022-01-28,ORB,long,33,14234.25,13884.87,14155.76,14226.69,349.38,34.3,34.3,0.0,RISK-ON,7,14234.25,tp1_then_be,0.500,349.38,0,0.00,-0.08
v3_4_fib_partial_pm30,2022-02-07,ORB,long,16,14804.00,14667.24,14809.38,14846.74,136.76,39.2,39.2,0.0,RISK-ON,8,14667.24,stop,-1.000,-273.51,14,0.02,-1.02
v3_4_fib_partial_pm30,2022-02-11,ORB,short,20,14623.50,14776.09,14625.31,14585.95,152.59,32.2,-32.2,0.0,NEUTRAL,8,14623.50,tp1_then_be,0.500,152.59,0,0.20,-0.05
v3_4_fib_partial_pm30,2022-02-23,ORB,short,21,13844.75,14034.87,13923.99,13895.36,190.12,39.2,-39.2,0.0,RISK-ON,7,13844.75,tp1_then_be,0.500,190.12,0,0.00,-0.17
v3_4_fib_partial_pm30,2022-02-28,ORB,long,26,14219.50,14022.84,14135.89,14164.70,196.66,38.0,38.0,0.0,RISK-ON,8,14164.70,tp2_partial,0.361,141.85,0,0.05,-0.05
v3_4_fib_partial_pm30,2022-03-01,ORB,short,36,14085.00,14259.65,14126.50,14092.16,174.65,45.2,-45.2,0.0,RISK-ON,10,14085.00,tp1_then_be,0.500,174.65,0,0.10,-0.02
v3_4_fib_partial_pm30,2022-03-08,ORB,long,45,13535.50,13206.89,13413.14,13466.42,328.61,44.2,44.2,0.0,RISK-ON,8,13535.50,tp1_then_be,0.500,328.61,0,0.05,-0.14
v3_4_fib_partial_pm30,2022-03-11,ORB,short,16,13597.25,13735.51,13573.48,13530.83,138.26,34.2,-34.2,0.0,RISK-ON,7,13597.25,tp1_then_be,0.500,138.26,0,0.18,0.00
v3_4_fib_partial_pm30,2022-04-04,EMA PB,long,60,15162.75,15093.93,15231.57,15265.97,68.82,33.4,33.4,0.0,NEUTRAL,9,15183.39,trail_lock,0.300,41.29,6,0.70,-0.70
v3_4_fib_partial_pm30,2022-06-07,EMA PB,long,60,12728.00,12653.49,12802.51,12839.76,74.51,30.8,30.8,0.0,RISK-ON,7,12653.49,stop,-1.000,-149.01,1,0.04,-1.09
v3_4_fib_partial_pm30,2022-06-24,EMA PB,long,60,12106.75,12019.60,12193.90,12237.48,87.15,35.1,35.1,0.0,RISK-ON,8,12045.50,timeout,0.000,0.00,12,0.24,-0.88
v3_4_fib_partial_pm30,2022-06-28,EMA PB,short,60,11708.50,11808.23,11608.77,11558.90,99.73,32.9,-32.9,0.0,NEUTRAL,7,11704.00,timeout,0.000,0.00,12,0.31,-0.93
v3_4_fib_partial_pm30,2022-06-28,EMA PB,short,72,11706.75,11817.10,11596.40,11541.22,110.35,30.1,-30.1,0.0,RISK-ON,7,11673.75,session_end,0.000,0.00,5,0.35,-0.49
v3_4_fib_partial_pm30,2022-08-25,EMA PB,long,75,13208.50,13091.68,13325.32,13383.73,116.82,32.4,32.4,0.0,RISK-ON,7,13243.55,trail_lock,0.300,70.09,0,0.77,-0.73
v3_4_fib_partial_pm30,2022-11-08,EMA PB,long,21,11209.50,11055.31,11363.69,11440.79,154.19,32.8,32.8,0.0,RISK-ON,7,11209.50,tp1_then_be,0.500,154.19,11,1.19,-0.82
v3_4_fib_partial_pm30,2022-11-09,EMA PB,short,72,10866.50,11049.58,10683.42,10591.88,183.08,30.0,-30.0,0.0,RISK-ON,7,10949.50,session_end,0.000,0.00,5,0.16,-0.63
v3_4_fib_partial_pm30,2022-11-14,EMA PB,long,34,11863.25,11691.77,12034.73,12120.48,171.48,32.0,32.0,0.0,RISK-ON,7,11934.50,timeout,0.000,0.00,12,0.51,-0.74
v3_4_fib_partial_pm30,2022-11-16,EMA PB,short,27,11737.75,11956.49,11519.01,11409.64,218.74,31.0,-31.0,0.0,RISK-ON,8,11956.49,stop,-1.000,-437.48,3,0.14,-1.10
v3_4_fib_partial_pm30,2022-11-17,EMA PB,long,32,11731.00,11527.87,11934.13,12035.70,203.13,33.0,33.0,0.0,RISK-ON,7,11701.75,timeout,0.000,0.00,12,0.56,-0.60
v3_4_fib_partial_pm30,2022-11-29,ORB,short,31,11509.75,11857.33,11509.37,11420.79,347.58,34.5,-34.5,0.0,RISK-ON,7,11509.75,tp1_then_be,0.500,347.58,0,0.03,-0.36
v3_4_fib_partial_pm30,2022-12-05,EMA PB,short,72,11758.50,11981.12,11535.88,11424.57,222.62,32.3,-32.3,0.0,RISK-ON,8,11768.25,session_end,0.000,0.00,5,0.03,-0.58
v3_4_fib_partial_pm30,2022-12-08,ORB,long,23,11762.75,11475.83,11736.34,11800.70,286.92,30.8,30.8,0.0,NEUTRAL,7,11762.75,tp1_then_be,0.500,286.92,0,0.00,-0.48
v3_4_fib_partial_pm30,2022-12-15,ORB,short,16,11495.00,11857.13,11430.39,11320.53,362.13,31.8,-31.8,0.0,RISK-ON,7,11495.00,tp1_then_be,0.500,362.13,2,0.21,-0.53
v3_4_fib_partial_pm30,2022-12-20,EMA PB,long,24,11351.25,11163.90,11538.60,11632.27,187.35,33.3,33.3,0.0,RISK-ON,7,11163.90,stop,-1.000,-374.70,7,0.00,-1.06
v3_4_fib_partial_pm30,2022-12-21,EMA PB,long,14,11348.25,11233.43,11463.07,11520.48,114.82,30.7,30.7,0.0,NEUTRAL,7,11233.43,stop,-1.000,-229.64,2,0.39,-1.10
v3_4_fib_partial_pm30,2023-01-17,EMA PB,long,29,11737.50,11550.87,11924.13,12017.44,186.63,33.4,33.4,0.0,RISK-ON,7,11793.49,trail_lock,0.300,111.98,11,0.68,-0.98
v3_4_fib_partial_pm30,2023-01-20,EMA PB,long,77,11747.00,11584.64,11909.36,11990.54,162.36,36.2,36.2,0.0,RISK-ON,8,11747.00,session_end,0.000,0.00,0,0.00,0.00
v3_4_fib_partial_pm30,2023-01-23,ORB,long,15,11904.75,11669.19,11913.14,11974.39,235.56,37.5,37.5,0.0,RISK-ON,8,11974.39,tp2_partial,0.648,305.19,0,1.02,0.00
v3_4_fib_partial_pm30,2023-01-25,EMA PB,short,14,11685.25,11803.22,11567.28,11508.30,117.97,30.3,-30.3,0.0,RISK-ON,7,11803.22,stop,-1.000,-235.94,0,0.07,-1.05
v3_4_fib_partial_pm30,2023-01-27,ORB,long,45,12346.75,12017.12,12281.20,12346.34,329.63,31.5,31.5,0.0,RISK-ON,6,12346.75,tp1_then_be,0.500,329.63,1,0.00,-0.44
v3_4_fib_partial_pm30,2023-02-01,EMA PB,long,17,12279.50,12085.45,12473.55,12570.57,194.05,32.5,32.5,0.0,RISK-ON,7,12085.45,stop,-1.000,-388.10,11,0.00,-1.02
v3_4_fib_partial_pm30,2023-02-01,ORB,long,69,12290.75,12085.05,12321.87,12381.82,205.70,40.2,40.2,0.0,RISK-ON,8,12085.05,stop,-1.000,-411.41,2,0.07,-1.05
v3_4_fib_partial_pm30,2023-02-06,EMA PB,long,35,12722.50,12490.41,12954.59,13070.63,232.09,33.0,33.0,0.0,RISK-ON,7,12549.00,timeout,0.000,0.00,12,0.03,-0.87
v3_4_fib_partial_pm30,2023-02-13,EMA PB,long,13,12515.00,12329.30,12700.70,12793.55,185.70,32.0,32.0,0.0,RISK-ON,7,12515.00,tp1_then_be,0.500,185.70,1,1.80,-0.69
v3_4_fib_partial_pm30,2023-02-28,EMA PB,long,75,12285.75,12076.84,12494.66,12599.12,208.91,32.0,32.0,0.0,RISK-ON,7,12123.75,session_end,0.000,0.00,2,0.00,-0.80
v3_4_fib_partial_pm30,2023-03-01,ORB,short,31,11944.75,12334.47,11921.04,11815.51,389.72,34.4,-34.4,0.0,RISK-ON,7,12018.00,timeout,0.000,0.00,20,0.05,-0.82
v3_4_fib_partial_pm30,2023-03-02,EMA PB,long,28,12057.50,11833.55,12281.45,12393.42,223.95,32.3,32.3,0.0,RISK-ON,7,11893.75,timeout,0.000,0.00,12,0.47,-0.77
v3_4_fib_partial_pm30,2023-03-03,ORB,long,15,12431.00,12074.54,12323.42,12381.21,356.46,30.6,30.6,0.0,NEUTRAL,7,12431.00,tp1_then_be,0.500,356.46,1,0.00,-0.75
v3_4_fib_partial_pm30,2023-03-09,ORB,long,24,12472.50,12211.22,12482.47,12548.91,261.28,35.7,35.7,0.0,RISK-ON,7,12472.50,tp1_then_be,0.500,261.28,8,0.52,-0.72
v3_4_fib_partial_pm30,2023-03-24,EMA PB,long,77,13021.00,12855.31,13186.69,13269.53,165.69,31.8,31.8,0.0,RISK-ON,7,13021.00,session_end,0.000,0.00,0,0.00,0.00
v3_4_fib_partial_pm30,2023-07-06,EMA PB,long,63,15443.00,15211.97,15674.03,15789.55,231.03,33.0,33.0,0.0,NEUTRAL,9,15237.50,timeout,0.000,0.00,12,0.01,-0.95
v3_4_fib_partial_pm30,2023-07-26,EMA PB,long,64,15852.25,15590.01,16114.49,16245.61,262.24,30.2,30.2,0.0,RISK-ON,8,15590.01,stop,-1.000,-524.49,2,0.00,-1.08
v3_4_fib_partial_pm30,2023-11-06,EMA PB,long,31,15428.25,15172.00,15684.50,15812.62,256.25,33.4,33.4,0.0,RISK-ON,7,15402.00,timeout,0.000,0.00,12,0.00,-0.90
v3_4_fib_partial_pm30,2023-11-09,EMA PB,long,29,15585.00,15314.37,15855.63,15990.94,270.63,33.1,33.1,0.0,RISK-ON,7,15666.19,trail_lock,0.300,162.38,9,0.83,-0.73
v3_4_fib_partial_pm30,2023-11-14,ORB,long,16,16258.75,15761.50,16106.17,16189.38,497.25,44.4,44.4,0.0,RISK-ON,8,16258.75,tp1_then_be,0.500,497.25,1,0.02,-0.83
v3_4_fib_partial_pm30,2023-11-15,ORB,short,16,15919.00,16410.15,15818.88,15672.43,491.15,34.5,-34.5,0.0,RISK-ON,6,16345.00,timeout,0.000,0.00,20,0.02,-0.90
v3_4_fib_partial_pm30,2023-11-16,EMA PB,long,14,16052.25,15706.85,16397.65,16570.35,345.40,30.2,30.2,0.0,RISK-ON,6,15838.25,timeout,0.000,0.00,12,0.56,-0.64
v3_4_fib_partial_pm30,2023-11-17,ORB,long,16,16283.00,15794.64,16393.09,16545.85,488.36,35.2,35.2,0.0,RISK-ON,7,15854.25,timeout,0.000,0.00,20,0.00,-0.94
v3_4_fib_partial_pm30,2023-11-22,ORB,short,16,16059.00,16586.54,15939.08,15773.17,527.54,46.0,-46.0,0.0,RISK-ON,7,16063.00,timeout,0.000,0.00,20,0.10,-0.84
v3_4_fib_partial_pm30,2023-11-27,EMA PB,long,27,16455.25,16106.37,16804.13,16978.57,348.88,33.0,33.0,0.0,RISK-ON,7,16106.37,stop,-1.000,-697.75,0,0.00,-1.20
v3_4_fib_partial_pm30,2023-11-28,ORB,short,16,15960.00,16235.64,15920.37,15842.60,275.64,32.0,-32.0,0.0,RISK-ON,6,16235.64,stop,-1.000,-551.27,9,0.00,-1.03
v3_4_fib_partial_pm30,2023-11-29,ORB,long,19,16528.25,16120.77,16472.07,16557.71,407.48,39.6,39.6,0.0,RISK-ON,8,16120.77,stop,-1.000,-814.97,0,0.00,-1.02
v3_4_fib_partial_pm30,2023-12-06,EMA PB,short,17,15948.75,16360.70,15536.80,15330.83,411.95,31.3,-31.3,0.0,RISK-ON,8,16141.00,timeout,0.000,0.00,12,0.17,-0.92
v3_4_fib_partial_pm30,2023-12-07,ORB,short,15,15911.00,16416.25,15821.73,15670.96,505.25,33.0,-33.0,0.0,RISK-ON,6,16416.25,stop,-1.000,-1010.49,15,0.01,-1.00
v3_4_fib_partial_pm30,2023-12-28,EMA PB,short,16,17118.00,17370.68,16865.32,16738.97,252.68,30.4,-30.4,0.0,RISK-ON,8,17370.68,stop,-1.000,-505.37,4,0.06,-1.51
v3_4_fib_partial_pm30,2024-01-02,ORB,short,15,16737.25,17100.66,16685.99,16581.67,363.41,50.5,-50.5,0.0,RISK-ON,8,16766.75,timeout,0.000,0.00,20,0.13,-0.94
v3_4_fib_partial_pm30,2024-01-03,ORB,short,25,16548.00,16980.06,16500.62,16377.71,432.06,34.2,-34.2,0.0,RISK-ON,7,16551.75,timeout,0.000,0.00,20,0.00,-0.93
v3_4_fib_partial_pm30,2024-01-09,EMA PB,long,72,17038.50,16780.96,17296.04,17424.81,257.54,35.4,35.4,0.0,NEUTRAL,9,16828.50,session_end,0.000,0.00,5,0.00,-0.90
v3_4_fib_partial_pm30,2024-01-12,EMA PB,long,19,17199.25,16819.53,17578.97,17768.83,379.72,30.9,30.9,0.0,RISK-ON,6,17183.00,timeout,0.000,0.00,12,0.35,-0.75
v3_4_fib_partial_pm30,2024-01-17,ORB,long,15,17128.25,16704.32,17136.59,17244.20,423.93,45.6,45.6,0.0,RISK-ON,8,16704.32,stop,-1.000,-847.87,1,0.00,-1.00
v3_4_fib_partial_pm30,2024-01-24,EMA PB,long,33,17935.00,17547.52,18322.48,18516.22,387.48,32.9,32.9,0.0,RISK-ON,7,17965.25,timeout,0.000,0.00,12,0.54,-0.60
v3_4_fib_partial_pm30,2024-02-13,ORB,short,76,17581.25,18108.31,17502.01,17347.78,527.06,43.8,-43.8,0.0,RISK-ON,8,17579.00,session_end,0.000,0.00,1,0.02,-0.45
v3_4_fib_partial_pm30,2024-02-20,ORB,short,16,17562.50,17981.64,17465.21,17334.76,419.14,40.5,-40.5,0.0,RISK-ON,8,17981.64,stop,-1.000,-838.27,0,0.00,-1.08
v3_4_fib_partial_pm30,2024-02-26,EMA PB,long,35,18252.50,17885.23,18619.77,18803.41,367.27,34.0,34.0,0.0,RISK-ON,8,18362.68,trail_lock,0.300,220.36,6,0.67,-0.64
v3_4_fib_partial_pm30,2024-02-27,EMA PB,long,34,18233.25,17844.00,18622.50,18817.12,389.25,32.0,32.0,0.0,RISK-ON,7,17971.00,timeout,0.000,0.00,12,0.57,-0.69
v3_4_fib_partial_pm30,2024-03-01,EMA PB,long,17,18375.00,18025.76,18724.24,18898.87,349.24,32.7,32.7,0.0,RISK-ON,7,18479.77,trail_lock,0.300,209.55,0,0.68,-0.00
v3_4_fib_partial_pm30,2024-03-06,ORB,short,63,18045.75,18622.01,17935.46,17761.76,576.26,39.6,-39.6,0.0,RISK-ON,7,18272.25,session_end,0.000,0.00,13,0.08,-0.85
v3_4_fib_partial_pm30,2024-03-18,EMA PB,short,76,18233.00,18473.64,17992.36,17872.03,240.64,30.6,-30.6,0.0,NEUTRAL,7,18229.25,session_end,0.000,0.00,1,0.06,-0.94
v3_4_fib_partial_pm30,2024-04-26,EMA PB,long,7,18250.00,17816.75,18683.25,18899.87,433.25,30.0,30.0,0.0,RISK-ON,7,17816.75,stop,-1.000,-866.49,0,0.00,-1.01
v3_4_fib_partial_pm30,2024-05-07,EMA PB,short,77,18196.25,18532.05,17860.45,17692.55,335.80,32.0,-32.0,0.0,RISK-ON,6,18196.25,session_end,0.000,0.00,0,0.00,0.00
v3_4_fib_partial_pm30,2024-08-19,EMA PB,long,76,20072.50,19701.84,20443.16,20628.49,370.66,35.9,35.9,0.0,RISK-ON,7,19860.25,session_end,0.000,0.00,1,0.05,-0.63
v3_4_fib_partial_pm30,2024-11-05,EMA PB,long,22,20540.00,20171.61,20908.39,21092.58,368.39,32.7,32.7,0.0,RISK-ON,7,20546.25,timeout,0.000,0.00,12,0.43,-0.83
v3_4_fib_partial_pm30,2024-11-07,ORB,long,66,21425.00,20987.47,21413.50,21519.73,437.53,35.7,35.7,0.0,RISK-ON,7,21425.00,tp1_then_be,0.500,437.53,0,0.03,-0.55
v3_4_fib_partial_pm30,2024-11-11,ORB,short,54,21131.00,21562.57,21118.46,21006.79,431.57,38.2,-38.2,0.0,RISK-ON,9,21131.00,tp1_then_be,0.500,431.57,0,0.03,-0.57
v3_4_fib_partial_pm30,2024-11-12,ORB,short,53,21066.00,21529.54,21097.77,20990.94,463.54,37.8,-37.8,0.0,RISK-ON,9,21066.00,tp1_then_be,0.500,463.54,0,0.00,-0.60
v3_4_fib_partial_pm30,2024-11-15,EMA PB,short,12,20733.25,21069.40,20397.10,20229.03,336.15,33.2,-33.2,0.0,RISK-ON,7,21069.40,stop,-1.000,-672.29,0,0.00,-1.39
v3_4_fib_partial_pm30,2024-11-21,ORB,long,16,21197.25,20579.26,21301.55,21484.15,617.99,30.6,30.6,0.0,RISK-ON,7,20579.26,stop,-1.000,-1235.98,2,0.00,-1.00
v3_4_fib_partial_pm30,2024-12-03,EMA PB,long,30,21481.25,21033.20,21929.30,22153.33,448.05,31.5,31.5,0.0,RISK-ON,7,21469.50,timeout,0.000,0.00,12,0.10,-0.63
v3_4_fib_partial_pm30,2024-12-04,EMA PB,long,20,21712.00,21293.69,22130.31,22339.46,418.31,30.8,30.8,0.0,RISK-ON,7,21837.49,trail_lock,0.300,250.99,4,0.64,-0.69
v3_4_fib_partial_pm30,2024-12-04,ORB,long,46,21980.00,21347.20,22037.02,22211.32,632.80,35.6,35.6,0.0,RISK-ON,7,21980.00,tp1_then_be,0.500,632.80,16,0.33,-0.85
v3_4_fib_partial_pm30,2024-12-06,ORB,long,15,21861.50,21438.36,21913.98,22030.67,423.14,44.5,44.5,0.0,RISK-ON,7,22030.67,tp2_partial,0.700,592.31,0,0.60,-0.64
v3_4_fib_partial_pm30,2024-12-10,EMA PB,long,15,21842.75,21464.17,22221.33,22410.61,378.58,35.0,35.0,0.0,RISK-ON,8,21956.32,trail_lock,0.300,227.15,5,0.71,-0.87
v3_4_fib_partial_pm30,2025-01-06,ORB,long,16,22070.00,21697.49,22126.18,22233.27,372.51,35.4,35.4,0.0,RISK-ON,7,22070.00,tp1_then_be,0.500,372.51,15,0.16,-0.75
v3_4_fib_partial_pm30,2025-01-17,EMA PB,long,35,21861.25,21498.67,22223.83,22405.12,362.58,35.0,35.0,0.0,RISK-ON,8,21862.25,timeout,0.000,0.00,12,0.00,-0.83
v3_4_fib_partial_pm30,2025-01-22,EMA PB,long,30,22249.50,21810.96,22688.04,22907.31,438.54,32.1,32.1,0.0,RISK-ON,7,22086.00,timeout,0.000,0.00,12,0.58,-0.57
v3_4_fib_partial_pm30,2025-01-24,EMA PB,long,15,22298.75,21926.17,22671.33,22857.62,372.58,36.1,36.1,0.0,RISK-ON,6,21992.50,timeout,0.000,0.00,12,0.51,-0.84
v3_4_fib_partial_pm30,2025-01-27,EMA PB,long,32,21498.00,21086.89,21909.11,22114.67,411.11,32.2,32.2,0.0,RISK-ON,7,21230.50,timeout,0.000,0.00,12,0.49,-0.76
v3_4_fib_partial_pm30,2025-01-27,EMA PB,short,76,21116.25,21523.10,20709.40,20505.97,406.85,30.7,-30.7,0.0,RISK-ON,8,21360.25,session_end,0.000,0.00,1,0.03,-0.60
v3_4_fib_partial_pm30,2025-01-28,EMA PB,long,74,21834.75,21504.54,22164.96,22330.07,330.21,35.0,35.0,0.0,RISK-ON,8,21849.25,session_end,0.000,0.00,3,0.07,-0.67
v3_4_fib_partial_pm30,2025-01-30,ORB,long,16,21945.00,21558.47,21982.35,22087.10,386.53,38.4,38.4,0.0,RISK-ON,7,21558.47,stop,-1.000,-773.06,6,0.05,-1.00
v3_4_fib_partial_pm30,2025-02-06,ORB,long,15,22027.75,21709.96,22079.26,22171.81,317.79,43.9,43.9,0.0,RISK-ON,8,22027.75,tp1_then_be,0.500,317.79,0,0.78,-0.70
v3_4_fib_partial_pm30,2025-02-11,EMA PB,long,21,22046.00,21670.67,22421.33,22608.99,375.33,33.0,33.0,0.0,RISK-ON,7,22079.75,timeout,0.000,0.00,12,0.15,-0.67
v3_4_fib_partial_pm30,2025-02-20,ORB,short,15,22139.25,22681.61,22044.07,21881.97,542.36,39.0,-39.0,0.0,RISK-ON,7,22139.25,tp1_then_be,0.500,542.36,2,0.26,-0.74
v3_4_fib_partial_pm30,2025-02-24,ORB,short,16,21612.25,22189.31,21558.52,21397.63,577.06,33.4,-33.4,0.0,RISK-ON,8,21612.25,tp1_then_be,0.500,577.06,1,0.21,-0.35
v3_4_fib_partial_pm30,2025-02-26,EMA PB,long,32,21636.50,21221.94,22051.06,22258.34,414.56,33.8,33.8,0.0,RISK-ON,7,21625.00,timeout,0.000,0.00,12,0.53,-0.73
v3_4_fib_partial_pm30,2025-05-16,EMA PB,long,67,21716.50,21376.31,22056.69,22226.78,340.19,34.0,34.0,0.0,RISK-ON,6,21736.25,session_end,0.000,0.00,9,0.06,-0.75
v3_4_fib_partial_pm30,2025-06-10,EMA PB,long,67,22204.50,21814.17,22594.83,22789.99,390.33,35.5,35.5,0.0,RISK-ON,7,21964.75,session_end,0.000,0.00,10,0.51,-0.75
v3_4_fib_partial_pm30,2025-08-13,EMA PB,short,61,23916.00,24264.24,23567.76,23393.64,348.24,36.1,-36.1,0.0,RISK-ON,7,23922.25,timeout,0.000,0.00,12,0.01,-0.77
v3_4_fib_partial_pm30,2025-10-02,EMA PB,long,77,25357.50,25088.56,25626.44,25760.91,268.94,37.5,37.5,0.0,RISK-ON,8,25357.50,session_end,0.000,0.00,0,0.00,0.00
v3_4_fib_partial_pm30,2025-11-04,EMA PB,long,25,26135.25,25756.78,26513.72,26702.96,378.47,33.7,33.7,0.0,RISK-ON,7,25756.78,stop,-1.000,-756.95,8,0.38,-1.02
v3_4_fib_partial_pm30,2025-11-04,EMA PB,short,75,25582.25,26012.42,25152.08,24937.00,430.17,30.9,-30.9,0.0,RISK-ON,8,25866.25,session_end,0.000,0.00,2,0.00,-0.66
v3_4_fib_partial_pm30,2025-11-05,ORB,long,15,25870.25,25429.53,25928.18,26047.98,440.72,39.5,39.5,0.0,NEUTRAL,6,25870.25,tp1_then_be,0.500,440.72,1,0.15,-0.56
v3_4_fib_partial_pm30,2025-11-07,ORB,short,40,24770.25,25576.22,24750.22,24537.43,805.97,30.1,-30.1,0.0,RISK-ON,7,24770.25,tp1_then_be,0.500,805.97,1,0.06,-0.29
v3_4_fib_partial_pm30,2025-11-10,EMA PB,short,29,25523.50,26006.03,25040.97,24799.71,482.53,30.2,-30.2,0.0,RISK-ON,8,25794.75,timeout,0.000,0.00,12,0.15,-0.95
v3_4_fib_partial_pm30,2025-11-17,ORB,long,15,25482.00,24920.30,25593.34,25764.87,561.70,34.5,34.5,0.0,RISK-ON,7,25482.00,tp1_then_be,0.500,561.70,17,0.30,-0.93
v3_4_fib_partial_pm30,2025-12-05,ORB,long,28,26240.75,25606.84,26392.54,26591.66,633.91,31.6,31.6,0.0,RISK-ON,7,25670.00,timeout,0.000,0.00,20,0.00,-0.91
v3_4_fib_partial_pm30,2025-12-10,EMA PB,short,25,25586.00,26016.64,25155.36,24940.04,430.64,30.1,-30.1,0.0,RISK-ON,8,26016.64,stop,-1.000,-861.27,4,0.08,-1.04
v3_4_fib_partial_pm30,2025-12-31,ORB,short,72,25537.00,25925.89,25529.46,25428.60,388.89,35.6,-35.6,0.0,RISK-ON,7,25925.89,stop,-1.000,-777.78,4,0.01,-1.15
v3_4_fib_partial_pm30,2026-01-07,EMA PB,long,26,26081.25,25709.95,26452.55,26638.21,371.30,33.1,33.1,0.0,RISK-ON,7,26192.64,trail_lock,0.300,222.78,9,0.65,-0.52
v3_4_fib_partial_pm30,2026-01-09,EMA PB,long,17,25981.75,25559.58,26403.92,26615.00,422.17,31.5,31.5,0.0,RISK-ON,6,26054.75,timeout,0.000,0.00,12,0.43,-0.84
v3_4_fib_partial_pm30,2026-01-12,EMA PB,long,32,26173.25,25765.61,26580.89,26784.71,407.64,33.2,33.2,0.0,RISK-ON,7,25963.50,timeout,0.000,0.00,12,0.56,-0.62
v3_4_fib_partial_pm30,2026-01-21,ORB,long,72,25900.00,25081.20,25814.86,26001.35,818.80,44.8,44.8,0.0,RISK-ON,8,25900.00,tp1_then_be,0.500,818.80,1,0.09,-0.52
v3_4_fib_partial_pm30,2026-01-23,EMA PB,long,16,25862.00,25497.64,26226.36,26408.54,364.36,32.6,32.6,0.0,RISK-ON,7,25971.31,trail_lock,0.300,218.62,6,0.93,-0.63
v3_4_fib_partial_pm30,2026-01-27,ORB,long,15,26439.00,25891.14,26566.41,26739.93,547.86,31.8,31.8,0.0,RISK-ON,7,26439.00,tp1_then_be,0.500,547.86,17,0.24,-0.82
v3_4_fib_partial_pm30,2026-01-28,ORB,short,66,26152.25,26713.39,26088.68,25926.41,561.14,36.5,-36.5,0.0,NEUTRAL,9,26160.75,session_end,0.000,0.00,11,0.07,-0.46
v3_4_fib_partial_pm30,2026-02-02,EMA PB,long,14,25946.50,25613.46,26279.54,26446.06,333.04,30.2,30.2,0.0,RISK-ON,7,25946.50,tp1_then_be,0.500,333.04,7,1.22,-0.72
v3_4_fib_partial_pm30,2026-02-09,EMA PB,long,35,25580.00,25177.42,25982.58,26183.87,402.58,35.4,35.4,0.0,RISK-ON,8,25609.00,timeout,0.000,0.00,12,0.55,-0.58
v3_4_fib_partial_pm30,2026-02-11,ORB,short,18,25284.00,25734.15,25253.07,25134.22,450.15,34.7,-34.7,0.0,RISK-ON,7,25284.00,tp1_then_be,0.500,450.15,2,0.29,-0.95
v3_4_fib_partial_pm30,2026-02-12,ORB,short,15,25251.00,25640.55,25223.17,25120.67,389.55,35.4,-35.4,0.0,RISK-ON,6,25640.55,stop,-1.000,-779.10,1,0.00,-1.13
v3_4_fib_partial_pm30,2026-02-17,ORB,short,22,24544.00,25295.24,24430.51,24207.60,751.24,30.1,-30.1,0.0,RISK-ON,6,24737.25,timeout,0.000,0.00,20,0.12,-0.91
v3_4_fib_partial_pm30,2026-02-18,ORB,long,16,25106.00,24727.65,25177.17,25291.87,378.35,31.9,31.9,0.0,RISK-ON,7,25291.87,tp2_partial,0.746,564.22,1,0.78,-0.55
v3_4_fib_partial_pm30,2026-02-19,ORB,long,16,25300.00,24725.07,25160.64,25268.93,574.93,37.9,37.9,0.0,RISK-ON,8,25300.00,tp1_then_be,0.500,574.93,1,0.12,-0.76
v3_4_fib_partial_pm30,2026-02-20,ORB,long,18,25425.00,24688.51,25452.25,25645.93,736.49,44.1,44.1,0.0,RISK-ON,8,25425.00,tp1_then_be,0.500,736.49,9,0.16,-0.76
v3_4_fib_partial_pm30,2026-02-24,EMA PB,long,74,25239.00,24903.50,25574.50,25742.25,335.50,32.8,32.8,0.0,RISK-ON,7,25021.25,session_end,0.000,0.00,3,0.08,-0.67
v3_4_fib_partial_pm30,2026-02-25,ORB,long,15,25763.00,25147.81,25833.55,26003.44,615.19,38.8,38.8,0.0,RISK-ON,7,25314.25,timeout,0.000,0.00,20,0.03,-0.80
v3_4_fib_partial_pm30,2026-02-26,ORB,short,16,25216.00,25599.51,25134.11,25018.80,383.51,38.8,-38.8,0.0,RISK-ON,7,25599.51,stop,-1.000,-767.02,0,0.00,-1.09
v3_4_fib_partial_pm30,2026-03-04,EMA PB,long,75,25413.00,24977.65,25848.35,26066.03,435.35,31.1,31.1,0.0,NEUTRAL,8,25189.00,session_end,0.000,0.00,2,0.00,-0.52
v3_4_fib_partial_pm30,2026-03-05,EMA PB,long,15,25305.50,24877.90,25733.10,25946.89,427.60,31.4,31.4,0.0,RISK-ON,7,25298.00,timeout,0.000,0.00,12,0.44,-0.88
v3_5_fib_partial_pm50,2021-02-16,ORB,short,43,13719.25,13863.44,13783.88,13763.38,144.19,51.9,-51.9,0.0,RISK-ON,9,13719.25,tp1_then_be,0.500,144.19,0,0.01,-0.17
v3_5_fib_partial_pm50,2024-01-02,ORB,short,15,16737.25,17100.66,16685.99,16581.67,363.41,50.5,-50.5,0.0,RISK-ON,8,16766.75,timeout,0.000,0.00,20,0.13,-0.94
v3_6_firm_only,2019-11-06,ORB,short,38,8177.75,8220.43,8180.84,8170.46,42.68,46.2,-46.2,0.0,RISK-ON,10,8177.75,tp1_then_be,0.500,42.68,0,0.01,-0.28
v3_6_firm_only,2020-01-08,ORB,long,37,8915.25,8845.67,8911.60,8928.90,69.58,44.4,44.4,0.0,RISK-ON,7,8928.90,tp2_partial,0.598,83.23,0,0.24,0.00
v3_6_firm_only,2020-01-10,ORB,short,43,8994.50,9043.63,8994.37,8981.48,49.13,46.5,-46.5,0.0,RISK-ON,10,8994.50,tp1_then_be,0.500,49.13,0,0.11,-0.15
v3_6_firm_only,2021-01-15,ORB,short,19,12792.00,12933.34,12865.97,12848.75,141.34,46.2,-46.2,0.0,RISK-ON,9,12792.00,tp1_then_be,0.500,141.34,0,0.00,-0.22
v3_6_firm_only,2021-01-25,ORB,short,28,13411.75,13558.30,13464.71,13440.49,146.55,45.7,-45.7,0.0,RISK-ON,9,13411.75,tp1_then_be,0.500,146.55,0,0.08,-0.07
v3_6_firm_only,2021-01-29,ORB,short,51,12833.50,13137.87,12949.22,12899.57,304.37,47.2,-47.2,0.0,RISK-ON,9,12833.50,tp1_then_be,0.500,304.37,0,0.00,-0.20
v3_6_firm_only,2021-02-08,ORB,short,36,13612.50,13676.95,13612.63,13595.93,64.45,44.0,-44.0,0.0,RISK-ON,10,13595.93,tp2_partial,0.629,81.02,0,0.34,-0.00
v3_6_firm_only,2021-02-16,ORB,short,43,13719.25,13863.44,13783.88,13763.38,144.19,51.9,-51.9,0.0,RISK-ON,9,13719.25,tp1_then_be,0.500,144.19,0,0.01,-0.17
v3_6_firm_only,2021-12-01,ORB,short,53,16243.00,16358.72,16248.11,16219.30,115.72,41.2,-41.2,0.0,RISK-ON,10,16219.30,tp2_partial,0.602,139.42,1,0.26,-0.36
v3_6_firm_only,2021-12-09,ORB,short,63,16215.75,16416.91,16313.33,16286.08,201.16,42.2,-42.2,0.0,NEUTRAL,10,16215.75,tp1_then_be,0.500,201.16,0,0.05,-0.05
v3_6_firm_only,2021-12-28,ORB,short,48,16468.25,16600.72,16500.01,16473.63,132.47,44.7,-44.7,0.0,RISK-ON,10,16468.25,tp1_then_be,0.500,132.47,0,0.00,-0.16
v3_6_firm_only,2022-03-01,ORB,short,36,14085.00,14259.65,14126.50,14092.16,174.65,45.2,-45.2,0.0,RISK-ON,10,14085.00,tp1_then_be,0.500,174.65,0,0.10,-0.02
v3_6_firm_only,2022-03-08,ORB,long,45,13535.50,13206.89,13413.14,13466.42,328.61,44.2,44.2,0.0,RISK-ON,8,13535.50,tp1_then_be,0.500,328.61,0,0.05,-0.14
v3_6_firm_only,2023-02-01,ORB,long,69,12290.75,12085.05,12321.87,12381.82,205.70,40.2,40.2,0.0,RISK-ON,8,12085.05,stop,-1.000,-411.41,2,0.07,-1.05
v3_6_firm_only,2023-11-14,ORB,long,16,16258.75,15761.50,16106.17,16189.38,497.25,44.4,44.4,0.0,RISK-ON,8,16258.75,tp1_then_be,0.500,497.25,1,0.02,-0.83
v3_6_firm_only,2023-11-22,ORB,short,16,16059.00,16586.54,15939.08,15773.17,527.54,46.0,-46.0,0.0,RISK-ON,7,16063.00,timeout,0.000,0.00,20,0.10,-0.84
v3_6_firm_only,2024-01-02,ORB,short,15,16737.25,17100.66,16685.99,16581.67,363.41,50.5,-50.5,0.0,RISK-ON,8,16766.75,timeout,0.000,0.00,20,0.13,-0.94
v3_6_firm_only,2024-01-17,ORB,long,15,17128.25,16704.32,17136.59,17244.20,423.93,45.6,45.6,0.0,RISK-ON,8,16704.32,stop,-1.000,-847.87,1,0.00,-1.00
v3_6_firm_only,2024-02-13,ORB,short,76,17581.25,18108.31,17502.01,17347.78,527.06,43.8,-43.8,0.0,RISK-ON,8,17579.00,session_end,0.000,0.00,1,0.02,-0.45
v3_6_firm_only,2024-02-20,ORB,short,16,17562.50,17981.64,17465.21,17334.76,419.14,40.5,-40.5,0.0,RISK-ON,8,17981.64,stop,-1.000,-838.27,0,0.00,-1.08
v3_6_firm_only,2024-11-15,ORB,short,19,20643.50,21241.86,20547.46,20369.97,598.36,41.7,-41.7,0.0,RISK-ON,8,20643.50,tp1_then_be,0.500,598.36,10,0.17,-0.45
v3_6_firm_only,2024-12-06,ORB,long,15,21861.50,21438.36,21913.98,22030.67,423.14,44.5,44.5,0.0,RISK-ON,7,22030.67,tp2_partial,0.700,592.31,0,0.60,-0.64
v3_6_firm_only,2025-02-06,ORB,long,15,22027.75,21709.96,22079.26,22171.81,317.79,43.9,43.9,0.0,RISK-ON,8,22027.75,tp1_then_be,0.500,317.79,0,0.78,-0.70
v3_6_firm_only,2026-01-21,ORB,long,72,25900.00,25081.20,25814.86,26001.35,818.80,44.8,44.8,0.0,RISK-ON,8,25900.00,tp1_then_be,0.500,818.80,1,0.09,-0.52
v3_6_firm_only,2026-02-20,ORB,long,18,25425.00,24688.51,25452.25,25645.93,736.49,44.1,44.1,0.0,RISK-ON,8,25425.00,tp1_then_be,0.500,736.49,9,0.16,-0.76
v3_7_fib_full_session,2019-11-06,ORB,short,38,8177.75,8220.43,8180.84,8170.46,42.68,46.2,-46.2,0.0,RISK-ON,10,8177.75,tp1_then_be,0.500,42.68,0,0.01,-0.28
v3_7_fib_full_session,2020-01-08,ORB,long,37,8915.25,8845.67,8911.60,8928.90,69.58,44.4,44.4,0.0,RISK-ON,7,8928.90,tp2_partial,0.598,83.23,0,0.24,0.00
v3_7_fib_full_session,2020-01-10,ORB,short,43,8994.50,9043.63,8994.37,8981.48,49.13,46.5,-46.5,0.0,RISK-ON,10,8994.50,tp1_then_be,0.500,49.13,0,0.11,-0.15
v3_7_fib_full_session,2021-01-15,ORB,short,19,12792.00,12933.34,12865.97,12848.75,141.34,46.2,-46.2,0.0,RISK-ON,9,12792.00,tp1_then_be,0.500,141.34,0,0.00,-0.22
v3_7_fib_full_session,2021-01-25,ORB,short,28,13411.75,13558.30,13464.71,13440.49,146.55,45.7,-45.7,0.0,RISK-ON,9,13411.75,tp1_then_be,0.500,146.55,0,0.08,-0.07
v3_7_fib_full_session,2021-01-29,ORB,short,51,12833.50,13137.87,12949.22,12899.57,304.37,47.2,-47.2,0.0,RISK-ON,9,12833.50,tp1_then_be,0.500,304.37,0,0.00,-0.20
v3_7_fib_full_session,2021-02-08,ORB,short,36,13612.50,13676.95,13612.63,13595.93,64.45,44.0,-44.0,0.0,RISK-ON,10,13595.93,tp2_partial,0.629,81.02,0,0.34,-0.00
v3_7_fib_full_session,2021-02-16,ORB,short,43,13719.25,13863.44,13783.88,13763.38,144.19,51.9,-51.9,0.0,RISK-ON,9,13719.25,tp1_then_be,0.500,144.19,0,0.01,-0.17
v3_7_fib_full_session,2021-12-01,ORB,short,53,16243.00,16358.72,16248.11,16219.30,115.72,41.2,-41.2,0.0,RISK-ON,10,16219.30,tp2_partial,0.602,139.42,1,0.26,-0.36
v3_7_fib_full_session,2021-12-09,ORB,short,63,16215.75,16416.91,16313.33,16286.08,201.16,42.2,-42.2,0.0,NEUTRAL,10,16215.75,tp1_then_be,0.500,201.16,0,0.05,-0.05
v3_7_fib_full_session,2021-12-28,ORB,short,48,16468.25,16600.72,16500.01,16473.63,132.47,44.7,-44.7,0.0,RISK-ON,10,16468.25,tp1_then_be,0.500,132.47,0,0.00,-0.16
v3_7_fib_full_session,2022-03-01,ORB,short,36,14085.00,14259.65,14126.50,14092.16,174.65,45.2,-45.2,0.0,RISK-ON,10,14085.00,tp1_then_be,0.500,174.65,0,0.10,-0.02
v3_7_fib_full_session,2022-03-08,ORB,long,45,13535.50,13206.89,13413.14,13466.42,328.61,44.2,44.2,0.0,RISK-ON,8,13535.50,tp1_then_be,0.500,328.61,0,0.05,-0.14
v3_7_fib_full_session,2023-02-01,ORB,long,69,12290.75,12085.05,12321.87,12381.82,205.70,40.2,40.2,0.0,RISK-ON,8,12085.05,stop,-1.000,-411.41,2,0.07,-1.05
v3_7_fib_full_session,2023-11-14,ORB,long,16,16258.75,15761.50,16106.17,16189.38,497.25,44.4,44.4,0.0,RISK-ON,8,16258.75,tp1_then_be,0.500,497.25,1,0.02,-0.83
v3_7_fib_full_session,2023-11-22,ORB,short,16,16059.00,16586.54,15939.08,15773.17,527.54,46.0,-46.0,0.0,RISK-ON,7,16063.00,timeout,0.000,0.00,20,0.10,-0.84
v3_7_fib_full_session,2024-01-02,ORB,short,15,16737.25,17100.66,16685.99,16581.67,363.41,50.5,-50.5,0.0,RISK-ON,8,16766.75,timeout,0.000,0.00,20,0.13,-0.94
v3_7_fib_full_session,2024-01-17,ORB,long,15,17128.25,16704.32,17136.59,17244.20,423.93,45.6,45.6,0.0,RISK-ON,8,16704.32,stop,-1.000,-847.87,1,0.00,-1.00
v3_7_fib_full_session,2024-02-20,ORB,short,16,17562.50,17981.64,17465.21,17334.76,419.14,40.5,-40.5,0.0,RISK-ON,8,17981.64,stop,-1.000,-838.27,0,0.00,-1.08
v3_7_fib_full_session,2024-11-15,ORB,short,19,20643.50,21241.86,20547.46,20369.97,598.36,41.7,-41.7,0.0,RISK-ON,8,20643.50,tp1_then_be,0.500,598.36,10,0.17,-0.45
v3_7_fib_full_session,2024-12-06,ORB,long,15,21861.50,21438.36,21913.98,22030.67,423.14,44.5,44.5,0.0,RISK-ON,7,22030.67,tp2_partial,0.700,592.31,0,0.60,-0.64
v3_7_fib_full_session,2025-02-06,ORB,long,15,22027.75,21709.96,22079.26,22171.81,317.79,43.9,43.9,0.0,RISK-ON,8,22027.75,tp1_then_be,0.500,317.79,0,0.78,-0.70
v3_7_fib_full_session,2026-01-21,ORB,long,72,25900.00,25081.20,25814.86,26001.35,818.80,44.8,44.8,0.0,RISK-ON,8,25900.00,tp1_then_be,0.500,818.80,1,0.09,-0.52
v3_7_fib_full_session,2026-01-28,ORB,short,66,26152.25,26713.39,26088.68,25926.41,561.14,42.9,-42.9,0.0,NEUTRAL,9,26160.75,session_end,0.000,0.00,11,0.07,-0.46
v3_7_fib_full_session,2026-02-20,ORB,long,18,25425.00,24688.51,25452.25,25645.93,736.49,44.1,44.1,0.0,RISK-ON,8,25425.00,tp1_then_be,0.500,736.49,9,0.16,-0.76
v3_8_hybrid_exits,2019-11-06,ORB,short,38,8177.75,8220.43,8180.84,8170.46,42.68,46.2,-46.2,0.0,RISK-ON,10,8177.75,tp1_then_be,0.500,42.68,0,0.01,-0.28
v3_8_hybrid_exits,2020-01-08,ORB,long,37,8915.25,8845.67,8911.60,8928.90,69.58,44.4,44.4,0.0,RISK-ON,7,8928.90,tp2_partial,0.598,83.23,0,0.24,0.00
v3_8_hybrid_exits,2020-01-10,ORB,short,43,8994.50,9043.63,8994.37,8981.48,49.13,46.5,-46.5,0.0,RISK-ON,10,8994.50,tp1_then_be,0.500,49.13,0,0.11,-0.15
v3_8_hybrid_exits,2021-01-15,ORB,short,19,12792.00,12933.34,12865.97,12848.75,141.34,46.2,-46.2,0.0,RISK-ON,9,12792.00,tp1_then_be,0.500,141.34,0,0.00,-0.22
v3_8_hybrid_exits,2021-01-25,ORB,short,28,13411.75,13558.30,13464.71,13440.49,146.55,45.7,-45.7,0.0,RISK-ON,9,13411.75,tp1_then_be,0.500,146.55,0,0.08,-0.07
v3_8_hybrid_exits,2021-01-29,ORB,short,51,12833.50,13137.87,12949.22,12899.57,304.37,47.2,-47.2,0.0,RISK-ON,9,12833.50,tp1_then_be,0.500,304.37,0,0.00,-0.20
v3_8_hybrid_exits,2021-02-08,ORB,short,36,13612.50,13676.95,13612.63,13595.93,64.45,44.0,-44.0,0.0,RISK-ON,10,13595.93,tp2_partial,0.629,81.02,0,0.34,-0.00
v3_8_hybrid_exits,2021-02-16,ORB,short,43,13719.25,13863.44,13783.88,13763.38,144.19,51.9,-51.9,0.0,RISK-ON,9,13719.25,tp1_then_be,0.500,144.19,0,0.01,-0.17
v3_8_hybrid_exits,2021-12-01,ORB,short,53,16243.00,16358.72,16248.11,16219.30,115.72,41.2,-41.2,0.0,RISK-ON,10,16219.30,tp2_partial,0.602,139.42,1,0.26,-0.36
v3_8_hybrid_exits,2021-12-09,ORB,short,63,16215.75,16416.91,16313.33,16286.08,201.16,42.2,-42.2,0.0,NEUTRAL,10,16215.75,tp1_then_be,0.500,201.16,0,0.05,-0.05
v3_8_hybrid_exits,2021-12-28,ORB,short,48,16468.25,16600.72,16500.01,16473.63,132.47,44.7,-44.7,0.0,RISK-ON,10,16468.25,tp1_then_be,0.500,132.47,0,0.00,-0.16
v3_8_hybrid_exits,2022-03-01,ORB,short,36,14085.00,14259.65,14126.50,14092.16,174.65,45.2,-45.2,0.0,RISK-ON,10,14085.00,tp1_then_be,0.500,174.65,0,0.10,-0.02
v3_8_hybrid_exits,2022-03-08,ORB,long,45,13535.50,13206.89,13413.14,13466.42,328.61,44.2,44.2,0.0,RISK-ON,8,13535.50,tp1_then_be,0.500,328.61,0,0.05,-0.14
v3_8_hybrid_exits,2023-02-01,ORB,long,69,12290.75,12085.05,12321.87,12381.82,205.70,40.2,40.2,0.0,RISK-ON,8,12085.05,stop,-1.000,-411.41,2,0.07,-1.05
v3_8_hybrid_exits,2023-11-14,ORB,long,16,16258.75,15761.50,16106.17,16189.38,497.25,44.4,44.4,0.0,RISK-ON,8,16258.75,tp1_then_be,0.500,497.25,1,0.02,-0.83
v3_8_hybrid_exits,2023-11-22,ORB,short,16,16059.00,16586.54,15939.08,15773.17,527.54,46.0,-46.0,0.0,RISK-ON,7,16063.00,timeout,0.000,0.00,20,0.10,-0.84
v3_8_hybrid_exits,2024-01-02,ORB,short,15,16737.25,17100.66,16685.99,16581.67,363.41,50.5,-50.5,0.0,RISK-ON,8,16766.75,timeout,0.000,0.00,20,0.13,-0.94
v3_8_hybrid_exits,2024-01-17,ORB,long,15,17128.25,16704.32,17136.59,17244.20,423.93,45.6,45.6,0.0,RISK-ON,8,16704.32,stop,-1.000,-847.87,1,0.00,-1.00
v3_8_hybrid_exits,2024-02-13,ORB,short,76,17581.25,18108.31,17502.01,17347.78,527.06,43.8,-43.8,0.0,RISK-ON,8,17579.00,session_end,0.000,0.00,1,0.02,-0.45
v3_8_hybrid_exits,2024-02-20,ORB,short,16,17562.50,17981.64,17465.21,17334.76,419.14,40.5,-40.5,0.0,RISK-ON,8,17981.64,stop,-1.000,-838.27,0,0.00,-1.08
v3_8_hybrid_exits,2024-11-15,ORB,short,19,20643.50,21241.86,20547.46,20369.97,598.36,41.7,-41.7,0.0,RISK-ON,8,20643.50,tp1_then_be,0.500,598.36,10,0.17,-0.45
v3_8_hybrid_exits,2024-12-06,ORB,long,15,21861.50,21438.36,21913.98,22030.67,423.14,44.5,44.5,0.0,RISK-ON,7,22030.67,tp2_partial,0.700,592.31,0,0.60,-0.64
v3_8_hybrid_exits,2025-02-06,ORB,long,15,22027.75,21709.96,22079.26,22171.81,317.79,43.9,43.9,0.0,RISK-ON,8,22027.75,tp1_then_be,0.500,317.79,0,0.78,-0.70
v3_8_hybrid_exits,2026-01-21,ORB,long,72,25900.00,25081.20,25814.86,26001.35,818.80,44.8,44.8,0.0,RISK-ON,8,25900.00,tp1_then_be,0.500,818.80,1,0.09,-0.52
v3_8_hybrid_exits,2026-02-20,ORB,long,18,25425.00,24688.51,25452.25,25645.93,736.49,44.1,44.1,0.0,RISK-ON,8,25425.00,tp1_then_be,0.500,736.49,9,0.16,-0.76
v3_9_strong_redteam,2019-11-06,ORB,short,38,8177.75,8220.43,8180.84,8170.46,42.68,46.2,-46.2,0.0,RISK-ON,10,8177.75,tp1_then_be,0.500,42.68,0,0.01,-0.28
v3_9_strong_redteam,2020-01-08,ORB,long,37,8915.25,8845.67,8911.60,8928.90,69.58,44.4,44.4,0.0,RISK-ON,7,8928.90,tp2_partial,0.598,83.23,0,0.24,0.00
v3_9_strong_redteam,2020-01-10,ORB,short,43,8994.50,9043.63,8994.37,8981.48,49.13,46.5,-46.5,0.0,RISK-ON,10,8994.50,tp1_then_be,0.500,49.13,0,0.11,-0.15
v3_9_strong_redteam,2021-01-15,ORB,short,19,12792.00,12933.34,12865.97,12848.75,141.34,46.2,-46.2,0.0,RISK-ON,9,12792.00,tp1_then_be,0.500,141.34,0,0.00,-0.22
v3_9_strong_redteam,2021-01-25,ORB,short,28,13411.75,13558.30,13464.71,13440.49,146.55,45.7,-45.7,0.0,RISK-ON,9,13411.75,tp1_then_be,0.500,146.55,0,0.08,-0.07
v3_9_strong_redteam,2021-01-29,ORB,short,51,12833.50,13137.87,12949.22,12899.57,304.37,47.2,-47.2,0.0,RISK-ON,9,12833.50,tp1_then_be,0.500,304.37,0,0.00,-0.20
v3_9_strong_redteam,2021-02-08,ORB,short,36,13612.50,13676.95,13612.63,13595.93,64.45,44.0,-44.0,0.0,RISK-ON,10,13595.93,tp2_partial,0.629,81.02,0,0.34,-0.00
v3_9_strong_redteam,2021-02-16,ORB,short,43,13719.25,13863.44,13783.88,13763.38,144.19,51.9,-51.9,0.0,RISK-ON,9,13719.25,tp1_then_be,0.500,144.19,0,0.01,-0.17
v3_9_strong_redteam,2021-12-01,ORB,short,53,16243.00,16358.72,16248.11,16219.30,115.72,41.2,-41.2,0.0,RISK-ON,10,16219.30,tp2_partial,0.602,139.42,1,0.26,-0.36
v3_9_strong_redteam,2021-12-09,ORB,short,63,16215.75,16416.91,16313.33,16286.08,201.16,42.2,-42.2,0.0,NEUTRAL,10,16215.75,tp1_then_be,0.500,201.16,0,0.05,-0.05
v3_9_strong_redteam,2021-12-28,ORB,short,48,16468.25,16600.72,16500.01,16473.63,132.47,44.7,-44.7,0.0,RISK-ON,10,16468.25,tp1_then_be,0.500,132.47,0,0.00,-0.16
v3_9_strong_redteam,2022-03-01,ORB,short,36,14085.00,14259.65,14126.50,14092.16,174.65,45.2,-45.2,0.0,RISK-ON,10,14085.00,tp1_then_be,0.500,174.65,0,0.10,-0.02
v3_9_strong_redteam,2022-03-08,ORB,long,45,13535.50,13206.89,13413.14,13466.42,328.61,44.2,44.2,0.0,RISK-ON,8,13535.50,tp1_then_be,0.500,328.61,0,0.05,-0.14
v3_9_strong_redteam,2023-02-01,ORB,long,69,12290.75,12085.05,12321.87,12381.82,205.70,40.2,40.2,0.0,RISK-ON,8,12085.05,stop,-1.000,-411.41,2,0.07,-1.05
v3_9_strong_redteam,2023-11-14,ORB,long,16,16258.75,15761.50,16106.17,16189.38,497.25,44.4,44.4,0.0,RISK-ON,8,16258.75,tp1_then_be,0.500,497.25,1,0.02,-0.83
v3_9_strong_redteam,2023-11-22,ORB,short,16,16059.00,16586.54,15939.08,15773.17,527.54,46.0,-46.0,0.0,RISK-ON,7,16063.00,timeout,0.000,0.00,20,0.10,-0.84
v3_9_strong_redteam,2024-01-02,ORB,short,15,16737.25,17100.66,16685.99,16581.67,363.41,50.5,-50.5,0.0,RISK-ON,8,16766.75,timeout,0.000,0.00,20,0.13,-0.94
v3_9_strong_redteam,2024-01-17,ORB,long,15,17128.25,16704.32,17136.59,17244.20,423.93,45.6,45.6,0.0,RISK-ON,8,16704.32,stop,-1.000,-847.87,1,0.00,-1.00
v3_9_strong_redteam,2024-02-13,ORB,short,76,17581.25,18108.31,17502.01,17347.78,527.06,43.8,-43.8,0.0,RISK-ON,8,17579.00,session_end,0.000,0.00,1,0.02,-0.45
v3_9_strong_redteam,2024-02-20,ORB,short,16,17562.50,17981.64,17465.21,17334.76,419.14,40.5,-40.5,0.0,RISK-ON,8,17981.64,stop,-1.000,-838.27,0,0.00,-1.08
v3_9_strong_redteam,2024-11-15,ORB,short,19,20643.50,21241.86,20547.46,20369.97,598.36,41.7,-41.7,0.0,RISK-ON,8,20643.50,tp1_then_be,0.500,598.36,10,0.17,-0.45
v3_9_strong_redteam,2024-12-06,ORB,long,15,21861.50,21438.36,21913.98,22030.67,423.14,44.5,44.5,0.0,RISK-ON,7,22030.67,tp2_partial,0.700,592.31,0,0.60,-0.64
v3_9_strong_redteam,2025-02-06,ORB,long,15,22027.75,21709.96,22079.26,22171.81,317.79,43.9,43.9,0.0,RISK-ON,8,22027.75,tp1_then_be,0.500,317.79,0,0.78,-0.70
v3_9_strong_redteam,2026-01-21,ORB,long,72,25900.00,25081.20,25814.86,26001.35,818.80,44.8,44.8,0.0,RISK-ON,8,25900.00,tp1_then_be,0.500,818.80,1,0.09,-0.52
v3_9_strong_redteam,2026-02-20,ORB,long,18,25425.00,24688.51,25452.25,25645.93,736.49,44.1,44.1,0.0,RISK-ON,8,25425.00,tp1_then_be,0.500,736.49,9,0.16,-0.76