open_time,datetime_et,tod_bucket,dow,setup,side,entry,sl,tp1,tp2,sl_dist,pm_final,quant,red,regime,outcome,pnl_r,mfe_R,mae_R,bars_to_resolution,size_pct,tp1_filled,voice_signature,v1,v10,v11,v12,v13,v14,v15,v2,v3,v4,v5,v6,v7,v8,v9
1672951800,2023-01-05 15:50,moc,Thu,ORB,short,10805.0,10927.58213160859,10621.126802587116,10437.253605174232,122.5821316085894,36.95,-36.95,0.0,NEUTRAL,expired,0.0,0.0,-0.31407513880515914,20,100,False,v1-|v12-|v5-|v6-,-98.0,0.0,0.0,-80.0,15.0,-25.0,0.0,-15.0,0.0,-15.0,-90.0,-80.0,0.0,0.0,0.0
1673275500,2023-01-09 09:45,open_30min,Mon,ORB,long,11276.25,11301.603024719281,11403.015123596408,11529.780247192813,84.51008239760449,31.54,46.54,15.0,NEUTRAL,trail_lock,0.2999999999999978,0.6863086433535894,-0.04733163057610962,9,100,False,v1+|v12+|v15+|v5+|v6+,98.0,0.0,0.0,74.5,35.0,-25.0,60.0,15.0,20.0,15.0,90.0,80.0,25.0,0.0,0.0
1673534700,2023-01-12 09:45,open_30min,Thu,ORB,short,11330.75,11525.999240674302,11037.876138988548,10745.002277977093,195.2492406743022,30.54,-30.54,0.0,RISK-ON,expired,0.0,0.0998723474296538,-0.9257398357902524,20,100,False,v1-|v12-|v15-|v6-,-98.0,0.0,0.0,-80.0,35.0,-25.0,-60.0,-15.0,20.0,-15.0,0.0,-70.2,0.0,0.0,0.0
1674074700,2023-01-18 15:45,moc,Wed,EMA PB,short,11490.5,11483.509087563756,11467.196958545854,11455.54543781878,23.303041454146296,25.29,-25.29,0.0,NEUTRAL,trail_lock,0.15,0.8582570665444794,-0.5042260265948817,2,50,False,v2-|v6-,-35.0,0.0,0.0,-25.0,15.0,-25.0,0.0,-92.0,0.0,-15.0,0.0,-80.0,0.0,0.0,0.0
1674139500,2023-01-19 09:45,open_30min,Thu,ORB,short,11359.0,11449.930338087792,11222.604492868311,11086.208985736625,90.93033808779182,40.28,-40.28,0.0,RISK-ON,expired,0.0,0.41790232830006185,-0.6460989944112798,20,100,False,v1-|v12-|v15-|v5-|v6-,-98.0,0.0,0.0,-57.0,35.0,-25.0,-60.0,35.0,0.0,-15.0,-90.0,-75.5,-25.0,0.0,0.0
1674226200,2023-01-20 09:50,open_30min,Fri,ORB,long,11456.0,11478.596548550839,11568.982742754197,11681.965485508394,75.32182850279787,28.79,28.79,0.0,NEUTRAL,expired,0.0,1.1450863808596494,-0.424843642753725,20,100,False,v1+|v6+,98.0,0.0,0.0,25.0,35.0,-25.0,0.0,35.0,0.0,15.0,0.0,66.7,25.0,0.0,0.0
1675089900,2023-01-30 09:45,open_30min,Mon,ORB,long,12119.25,12056.715146335478,12213.052280496782,12306.854560993565,62.534853664521506,36.75,36.75,0.0,NEUTRAL,sl,-1.0,0.3837859784361525,-1.0114359640036101,7,100,False,v1+|v12+|v5+,96.0,0.0,0.0,53.2,35.0,-25.0,0.0,35.0,0.0,15.0,90.0,36.2,25.0,0.0,0.0
1675176300,2023-01-31 09:45,open_30min,Tue,ORB,long,12040.75,12063.440620323141,12154.203101615709,12267.656203231418,75.63540107713925,34.62,38.62,5.0,RISK-ON,expired,0.0,0.6808980882837659,-0.842859284040584,20,100,False,v1+|v12+|v6+,98.0,0.0,0.0,68.0,35.0,-25.0,0.0,35.0,20.0,15.0,0.0,80.0,25.0,0.0,0.0
1675435500,2023-02-03 09:45,open_30min,Fri,ORB,long,12727.25,12779.583502974612,12988.91751487306,13250.585029746118,174.4450099153728,35.46,39.46,5.0,RISK-ON,trail_lock,0.3000000000000021,0.6119406915209947,-0.3382154641661704,8,100,False,v1+|v12+|v5+|v6+,98.0,0.0,0.0,66.7,35.0,-25.0,0.0,15.0,20.0,15.0,40.0,56.8,25.0,0.0,0.0
1675974600,2023-02-09 15:30,moc,Thu,ORB,short,12375.5,12732.124178788228,11840.563731817658,11305.627463635316,356.62417878822816,35.37,-47.37,15.0,RISK-ON,expired,0.0,0.02523665117317918,-0.2439542946740654,20,100,False,v1-|v12-|v15-|v5-|v6-,-98.0,0.0,0.0,-72.9,15.0,-25.0,-60.0,-15.0,0.0,-15.0,-90.0,-80.0,0.0,0.0,0.0
1676299800,2023-02-13 09:50,open_30min,Mon,EMA PB,long,12423.5,12432.439271791261,12453.297572637537,12468.196358956306,29.797572637537087,25.69,25.69,0.0,NEUTRAL,trail_lock,0.1500000000000061,1.417900730168072,0.0,1,50,False,v2+|v6+,0.0,0.0,0.0,25.0,35.0,-25.0,0.0,95.0,0.0,15.0,0.0,75.7,25.0,0.0,0.0
1676385900,2023-02-14 09:45,open_30min,Tue,ORB,long,12542.5,12590.128135353742,12780.640676768711,13018.781353537424,158.76045117914146,32.43,32.43,0.0,RISK-ON,trail_lock,0.29999999999999427,0.639327989093895,-0.15117115013057617,3,100,False,v1+|v12+|v15+|v5+,100.0,0.0,0.0,54.6,35.0,-10.0,60.0,-35.0,-20.0,0.0,75.0,31.1,0.0,0.0,0.0
1676472300,2023-02-15 09:45,open_30min,Wed,ORB,long,12627.5,12548.338907327927,12746.241639008109,12864.98327801622,79.16109267207321,35.66,35.66,0.0,NEUTRAL,sl,-1.0,0.05052987351463299,-1.0611273438072928,1,100,False,v1+|v12+|v5+|v6+,96.0,0.0,0.0,78.3,35.0,-25.0,0.0,35.0,0.0,15.0,40.0,61.0,25.0,0.0,0.0
1676905500,2023-02-20 10:05,open_30min,Mon,ORB,short,12378.25,12396.774261085528,12350.463608371709,12322.677216743417,18.52426108552754,38.22,-42.22,5.0,RISK-ON,expired,0.0,0.3778828190598595,-0.512840968724095,20,100,False,v1-|v12-|v5-|v6-,-100.0,0.0,0.0,-71.7,35.0,-25.0,0.0,-35.0,0.0,-15.0,-90.0,-48.4,0.0,0.0,0.0
1677249900,2023-02-24 09:45,open_30min,Fri,ORB,short,11968.25,12046.434925830123,11850.972611254816,11733.695222509632,78.18492583012267,26.1,-30.1,5.0,RISK-ON,expired,0.0,0.5787560647984439,-0.374113036361425,20,100,False,v1-|v15-|v6-,-100.0,0.0,0.0,-25.0,35.0,-25.0,-60.0,-15.0,0.0,-15.0,0.0,-80.0,0.0,0.0,0.0
1678978200,2023-03-16 10:50,mid_am,Thu,ORB,long,12385.5,12445.809221848222,12687.046109241106,12988.59221848221,201.03073949407008,46.11,50.11,5.0,RISK-ON,expired,0.0,0.7299878633950345,-0.07337186361210739,20,100,False,v1+|v12+|v15+|v5+|v6+,98.0,0.0,0.0,65.1,35.0,-25.0,60.0,15.0,20.0,15.0,90.0,80.0,0.0,0.0,0.0
1679682900,2023-03-24 14:35,power_hour,Fri,EMA PB,long,12851.5,12862.105383182408,12886.851277274693,12904.52691591204,35.35127727469262,25.06,29.06,5.0,RISK-ON,trail_lock,0.1500000000000077,0.6011098222810896,-0.5657504209704372,8,50,False,v2+|v6+,35.0,0.0,0.0,25.0,30.0,-25.0,35.0,98.0,0.0,15.0,0.0,54.9,0.0,0.0,0.0
1680115500,2023-03-29 14:45,power_hour,Wed,EMA PB,long,12938.0,12943.936400600283,12957.788002000942,12967.682003001413,19.78800200094156,26.52,26.52,0.0,NEUTRAL,trail_lock,0.15000000000002298,0.758035096180315,-0.7706690144499868,1,50,False,v2+|v6+,35.0,0.0,0.0,25.0,30.0,-25.0,0.0,92.0,0.0,15.0,0.0,80.0,0.0,0.0,0.0
1680270300,2023-03-31 09:45,open_30min,Fri,ORB,long,13147.75,13168.725527055438,13252.627635277186,13357.505270554371,69.91842351812375,44.71,44.71,0.0,RISK-ON,trail_lock,0.3000000000000104,0.6150024247736915,-0.25029168450092093,13,100,False,v1+|v12+|v5+|v6+,98.0,0.0,0.0,63.7,35.0,-25.0,0.0,15.0,20.0,15.0,75.0,80.0,0.0,0.0,0.0
1681134300,2023-04-10 09:45,open_30min,Mon,ORB,short,12983.25,13052.645238832982,12879.157141750527,12775.064283501055,69.3952388329817,31.97,-43.97,15.0,RISK-ON,sl,-1.0,0.2269608155381756,-1.0195223936079951,16,100,False,v1-|v12-|v5-|v6-,-98.0,0.0,0.0,-58.5,35.0,-25.0,0.0,-15.0,0.0,-15.0,-90.0,-80.0,-25.0,0.0,0.0
1682346900,2023-04-24 10:35,mid_am,Mon,ORB,short,13031.25,12999.533079595487,12872.665397977438,12714.080795954878,105.72306801504055,33.3,-38.3,5.0,NEUTRAL,expired,0.0,0.605355115034073,-0.056752042034444346,20,100,False,v1-|v12-|v15-|v5-|v6-,-100.0,0.0,0.0,-66.8,35.0,-25.0,-60.0,-15.0,0.0,-15.0,-90.0,-57.5,-25.0,0.0,0.0
1683294300,2023-05-05 09:45,open_30min,Fri,ORB,long,13177.25,13193.831034337958,13260.155171689788,13343.060343379579,55.27011445985954,30.17,34.17,5.0,RISK-ON,tp1,1.4999999999999836,1.6916918105517094,-0.15831340473077493,10,100,False,v1+|v6+,100.0,0.0,0.0,25.0,35.0,-25.0,0.0,35.0,20.0,15.0,0.0,80.0,0.0,0.0,0.0
1683661800,2023-05-09 15:50,moc,Tue,EMA PB,short,13266.75,13262.23186055851,13251.689535195032,13244.159302792548,15.060464804968433,25.78,-25.78,0.0,RISK-ON,trail_lock,0.14999999999999397,0.663990131081546,-0.331995065540773,1,50,False,v2-|v6-,-35.0,0.0,0.0,-25.0,15.0,-10.0,0.0,-95.0,0.0,-15.0,0.0,-62.0,0.0,0.0,0.0
1683830400,2023-05-11 14:40,power_hour,Thu,ORB,long,13468.0,13375.420507537856,13606.869238693216,13745.738477386432,92.57949246214412,34.26,34.26,0.0,NEUTRAL,expired,0.0,0.013501910269286977,-0.4077576901324667,20,100,False,v1+|v12+|v15+|v5+|v6+,98.0,0.0,0.0,69.9,30.0,-25.0,60.0,15.0,0.0,15.0,40.0,69.4,0.0,0.0,0.0
1684158600,2023-05-15 09:50,open_30min,Mon,ORB,short,13388.75,13378.928603920536,13339.643019602678,13290.536039205355,32.73798693154822,27.42,-27.42,0.0,NEUTRAL,trail_lock,0.2999999999999778,1.084367223746129,-0.11454583349430941,3,100,False,v1-|v6-,-98.0,0.0,0.0,-25.0,35.0,-25.0,0.0,-35.0,-20.0,-15.0,0.0,-59.8,-25.0,0.0,0.0
1684331100,2023-05-17 09:45,open_30min,Wed,ORB,short,13505.5,13494.675050215674,13451.37525107837,13397.25050215674,36.083165947753514,29.49,-29.49,0.0,RISK-ON,trail_lock,0.30000000000000504,0.8314126327894394,-0.13164033352499457,2,100,False,v1-|v12-|v5-,-98.0,0.0,0.0,-80.0,35.0,-10.0,0.0,35.0,20.0,-15.0,-75.0,-31.2,-25.0,0.0,0.0
1684503900,2023-05-19 09:45,open_30min,Fri,ORB,short,13887.5,13874.396143458624,13821.980717293114,13756.46143458623,43.67952180458997,30.82,-30.82,0.0,NEUTRAL,trail_lock,0.2999999999999875,0.6524796706223359,-0.5780740941478589,17,100,False,v1-|v12-|v5-|v6-,-98.0,0.0,0.0,-76.4,35.0,-25.0,0.0,-35.0,0.0,-15.0,-40.0,-43.9,-25.0,0.0,0.0
1684956000,2023-05-24 15:20,power_hour,Wed,ORB,long,13677.25,13694.99449915184,13765.9724957592,13854.694991518401,59.14833050613379,35.28,35.28,0.0,NEUTRAL,trail_lock,0.30000000000000615,2.109104330291507,-0.6128659877600571,12,100,False,v1+|v12+|v15+|v5+|v6+,96.0,0.0,0.0,51.6,15.0,-25.0,60.0,15.0,0.0,15.0,90.0,52.4,0.0,0.0,0.0
1685037600,2023-05-25 14:00,early_pm,Thu,ORB,long,14008.75,13861.09942074055,14230.225868889176,14451.701737778352,147.65057925945075,37.34,37.34,0.0,RISK-ON,expired,0.0,0.10159120319902089,-0.45716041439559396,20,100,False,v1+|v6+|v7+,98.0,0.0,0.0,0.0,30.0,-25.0,0.0,35.0,20.0,15.0,0.0,80.0,65.0,0.0,0.0
1685108700,2023-05-26 09:45,open_30min,Fri,ORB,long,14096.25,14121.528344167766,14222.64172083883,14349.03344167766,84.26114722588682,35.04,35.04,0.0,RISK-ON,tp1,1.5,1.602161903137786,-0.005933932974584393,10,100,False,v1+|v12+|v15+|v6+,98.0,0.0,0.0,60.6,35.0,-25.0,60.0,15.0,0.0,15.0,0.0,80.0,0.0,0.0,0.0
1685454600,2023-05-30 09:50,open_30min,Tue,ORB,short,14439.25,14563.375232862474,14253.06215070629,14066.874301412578,124.12523286247415,28.68,-28.68,0.0,NEUTRAL,expired,0.0,0.3162129012357016,-0.3182269961480309,20,100,False,v1-|v12-|v5-|v6-,-100.0,0.0,0.0,-77.8,35.0,-25.0,0.0,-35.0,20.0,-15.0,-40.0,-44.0,-25.0,0.0,0.0
1685545500,2023-05-31 11:05,mid_am,Wed,EMA PB,short,14289.25,14279.151127542496,14255.587091808324,14238.755637712486,33.66290819167625,29.31,-29.31,0.0,RISK-ON,trail_lock,0.15000000000001082,0.6164054478552392,-0.3936082980280443,2,50,False,v15-|v2-|v6-,-35.0,0.0,0.0,-25.0,35.0,-25.0,-60.0,-95.0,0.0,-15.0,0.0,-73.9,0.0,0.0,0.0
1686750300,2023-06-14 09:45,open_30min,Wed,ORB,long,14932.0,14951.651466763386,15030.257333816931,15128.514667633865,65.50488921128817,30.0,30.0,0.0,NEUTRAL,trail_lock,0.2999999999999861,0.8396319826233992,-0.20609148664392526,8,100,False,v1+|v12+|v15+|v5+,98.0,0.0,0.0,74.0,35.0,-25.0,60.0,-35.0,0.0,15.0,75.0,38.7,0.0,0.0,0.0
1687268700,2023-06-20 09:45,open_30min,Tue,ORB,long,15297.5,15201.648767442492,15441.276848836264,15585.053697672525,95.85123255750841,25.75,33.75,10.0,RISK-ON,sl,-1.0,0.028690293558302098,-1.2415072485228908,6,100,False,v1+|v6+,100.0,0.0,0.0,25.0,35.0,-25.0,0.0,15.0,20.0,15.0,0.0,80.0,25.0,0.0,0.0
1687787400,2023-06-26 09:50,open_30min,Mon,ORB,long,15123.5,15021.756295835748,15276.115556246377,15428.731112492755,101.74370416425154,40.14,45.14,5.0,NEUTRAL,sl,-1.0,0.28502992139133637,-1.056576432743747,15,100,False,v1+|v12+|v5+|v6+,100.0,0.0,0.0,65.9,35.0,-25.0,0.0,35.0,20.0,15.0,90.0,80.0,25.0,0.0,0.0
1689870000,2023-07-20 12:20,lunch,Thu,SWEEP,short,15728.0,15711.5,15673.0,15618.0,55.0,26.49,-41.49,15.0,NEUTRAL,trail_lock,0.3,0.7454545454545455,-0.05909090909090909,2,100,False,v12-|v15-|v3-|v6-,-35.0,0.0,0.0,-58.4,-25.0,-25.0,-60.0,-35.0,-96.0,-15.0,-20.0,-80.0,0.0,0.0,0.0
1690551900,2023-07-28 09:45,open_30min,Fri,ORB,long,15801.25,15827.861873464986,15934.309367324928,16067.368734649857,88.70624488328576,29.53,45.53,20.0,RISK-ON,expired,0.0,0.8370323881671871,-0.2141901060629839,20,100,False,v1+|v12+|v5+|v6+,98.0,0.0,0.0,70.1,35.0,-25.0,0.0,15.0,0.0,15.0,75.0,80.0,25.0,0.0,0.0
1691070300,2023-08-03 09:45,open_30min,Thu,ORB,long,15436.25,15347.755858477922,15568.991212283117,15701.732424566235,88.49414152207828,30.77,35.77,5.0,NEUTRAL,expired,0.0,0.48025778056049884,-0.9350901492089713,20,100,False,v1+|v12+|v5+,98.0,0.0,0.0,73.1,35.0,-25.0,0.0,35.0,-20.0,15.0,90.0,36.0,25.0,0.0,0.0
1691675100,2023-08-10 09:45,open_30min,Thu,ORB,long,15377.25,15268.679197765392,15540.106203351912,15702.962406703824,108.57080223460798,34.38,39.38,5.0,NEUTRAL,sl,-1.0,0.5986876642906542,-1.066124571409896,19,100,False,v1+|v12+|v5+|v6+,96.0,0.0,0.0,66.2,35.0,-25.0,0.0,35.0,20.0,15.0,40.0,80.0,25.0,0.0,0.0
1693403400,2023-08-30 09:50,open_30min,Wed,ORB,long,15463.5,15383.054094364497,15584.168858453253,15704.837716906508,80.44590563550264,32.13,44.13,15.0,RISK-ON,sl,-1.0,0.5438437127953981,-1.1001181390261197,7,100,False,v1+|v12+|v5+|v6+,100.0,0.0,0.0,75.3,35.0,-25.0,0.0,35.0,20.0,15.0,40.0,69.4,25.0,0.0,0.0
1697130300,2023-10-12 13:05,lunch,Thu,ORB,short,15363.75,15346.918518933524,15279.592594667622,15195.435189335243,56.10493688825227,31.13,-43.13,15.0,RISK-ON,tp1,1.5,1.5462097421620031,-0.07129497370199438,10,100,False,v1-|v12-|v15-|v5-|v6-,-100.0,0.0,0.0,-63.2,-25.0,-25.0,-60.0,-15.0,0.0,-15.0,-40.0,-64.1,-25.0,0.0,0.0
1697208600,2023-10-13 10:50,mid_am,Fri,ORB,short,15208.25,15159.413942270436,14964.069711352175,14719.889422704347,162.78685909855085,31.91,-43.91,15.0,RISK-ON,trail_lock,0.29999999999999444,0.6081571973820417,-0.010750253489076494,18,100,False,v1-|v5-|v6-,-100.0,0.0,0.0,-25.0,35.0,-25.0,-35.0,-15.0,0.0,-15.0,-90.0,-79.0,-25.0,0.0,0.0
1697658300,2023-10-18 15:45,moc,Wed,ORB,short,14990.75,15202.20116282547,14673.573255761796,14356.396511523591,211.4511628254695,40.27,-44.27,5.0,RISK-ON,expired,0.0,0.0,-0.38897870742800617,20,100,False,v1-|v15-|v5-|v6-,-98.0,0.0,0.0,-25.0,15.0,-25.0,-60.0,-15.0,0.0,-15.0,-75.0,-80.0,-25.0,0.0,0.0
1698080100,2023-10-23 12:55,lunch,Mon,ORB,long,14851.25,14510.58343098446,15362.24985352331,15873.249707046622,340.6665690155405,25.04,41.04,20.0,RISK-ON,expired,0.0,0.007338553962675319,-0.2575832440899037,20,100,False,v1+|v12+|v6+|v7+,96.0,0.0,0.0,79.1,-25.0,-25.0,35.0,35.0,0.0,15.0,20.0,80.0,65.0,0.0,0.0
1698241500,2023-10-25 09:45,open_30min,Wed,ORB,short,14612.75,14752.117109070112,14403.699336394831,14194.648672789664,139.36710907011184,27.42,-43.42,20.0,RISK-ON,expired,0.0,0.11480470612295496,-0.5166211775532973,20,100,False,v1-|v12-|v15-|v5-|v6-,-98.0,0.0,0.0,-68.1,35.0,-25.0,-60.0,-15.0,0.0,-15.0,-75.0,-80.0,0.0,0.0,0.0
1699887000,2023-11-13 09:50,open_30min,Mon,ORB,short,15476.25,15541.09610423606,15378.98084364591,15281.711687291821,64.84610423605955,29.13,-45.13,20.0,RISK-ON,sl,-1.0,0.16963239549374706,-1.083334162130521,11,100,False,v1-|v12-|v5-|v6-,-98.0,0.0,0.0,-63.7,35.0,-25.0,0.0,-35.0,20.0,-15.0,-90.0,-80.0,-25.0,0.0,0.0
1702576800,2023-12-14 13:00,lunch,Thu,ORB,short,16502.0,16654.22836372783,16273.657454408254,16045.314908816508,152.22836372783058,27.94,-42.94,15.0,NEUTRAL,expired,0.0,0.5468757461575482,-0.12809702162248876,20,100,False,v1-|v15-|v5-|v6-,-96.0,0.0,0.0,-25.0,-25.0,-25.0,-60.0,-15.0,-20.0,-15.0,-75.0,-80.0,-25.0,0.0,0.0
1704984300,2024-01-11 09:45,open_30min,Thu,ORB,short,16949.0,16919.43216283822,16801.160814191106,16653.321628382208,98.55945720593081,29.26,-41.26,15.0,RISK-ON,trail_lock,0.3000000000000037,0.6595003852769659,-0.1268269971686473,3,100,False,v1-|v12-|v15-|v5-|v6-,-100.0,0.0,0.0,-67.3,35.0,-10.0,-60.0,-35.0,-20.0,-15.0,-40.0,-51.7,-25.0,0.0,0.0
1705329900,2024-01-15 09:45,open_30min,Mon,ORB,short,16945.0,16967.552078274133,16911.171882588802,16877.3437651776,22.552078274133237,36.32,-40.32,5.0,RISK-ON,sl,-1.0,0.38799084916426824,-1.1196307361597455,12,100,False,v1-|v12-|v5-|v6-,-100.0,0.0,0.0,-55.7,35.0,-25.0,0.0,-35.0,-20.0,-15.0,-40.0,-73.6,-25.0,0.0,0.0
1706129400,2024-01-24 15:50,moc,Wed,ORB,short,17615.0,17699.07954567426,17488.880681488612,17362.76136297722,84.07954567425986,27.97,-39.97,15.0,RISK-ON,expired,0.0,0.5381808338416468,-0.3122043511236073,20,100,False,v1-|v15-|v5-|v6-,-98.0,0.0,0.0,-25.0,15.0,-25.0,-60.0,-35.0,-20.0,-15.0,-40.0,-67.7,0.0,0.0,0.0
1708613100,2024-02-22 09:45,open_30min,Thu,ORB,long,17945.75,17861.11247455796,18072.706288163063,18199.662576326125,84.6375254420418,39.74,51.74,15.0,RISK-ON,expired,0.0,0.35445270692068426,-0.640968645014904,20,100,False,v1+|v12+|v15+|v5+|v6+,98.0,0.0,0.0,71.1,35.0,-25.0,60.0,35.0,-20.0,15.0,90.0,80.0,25.0,0.0,0.0
1712854800,2024-04-11 13:00,lunch,Thu,ORB,long,18347.75,18386.32233610567,18540.611680528356,18733.473361056713,128.57445368557092,36.6,48.6,15.0,RISK-ON,expired,0.0,1.2833031389229763,-0.023332784344054114,20,100,False,v1+|v12+|v5+|v6+|v7+,98.0,0.0,0.0,69.2,-25.0,-25.0,0.0,35.0,20.0,15.0,75.0,80.0,65.0,0.0,0.0
1713201600,2024-04-15 13:20,lunch,Mon,ORB,short,18012.25,18343.452349261155,17515.446476108267,17018.642952216534,331.2023492611552,26.23,-50.23,30.0,RISK-ON,expired,0.0,0.4559146405116092,-0.02113511578530639,20,100,False,v1-|v12-|v15-|v5-|v6-,-98.0,0.0,0.0,-73.7,-25.0,-25.0,-60.0,-15.0,0.0,-15.0,-75.0,-80.0,-25.0,0.0,0.0
1713469800,2024-04-18 15:50,moc,Thu,ORB,short,17537.5,17683.1650623618,17319.0024064573,17100.504812914598,145.66506236180066,34.21,-46.21,15.0,RISK-ON,expired,0.0,0.21453325521793087,-0.3346718781399722,20,100,False,v1-|v12-|v5-|v6-|v7-,-98.0,0.0,0.0,-67.7,15.0,-25.0,0.0,-35.0,-20.0,-15.0,-40.0,-80.0,-65.0,0.0,0.0
1713552000,2024-04-19 14:40,power_hour,Fri,ORB,short,17151.5,17506.631942708485,16618.80208593727,16086.104171874544,355.13194270848544,34.67,-46.67,15.0,RISK-ON,expired,0.0,0.10770644766077266,-0.15346408882384602,20,100,False,v1-|v12-|v15-|v5-|v6-,-98.0,0.0,0.0,-79.2,30.0,-25.0,-60.0,-15.0,0.0,-15.0,-90.0,-80.0,0.0,0.0,0.0
1714587900,2024-05-01 14:25,early_pm,Wed,ORB,long,17558.5,17586.80004392651,17700.00021963254,17841.50043926508,94.33347975502693,34.75,46.75,15.0,RISK-ON,trail_lock,0.3000000000000077,0.6545926235346938,-0.9938147118441707,2,100,False,v1+|v12+|v5+|v6+,98.0,0.0,0.0,69.7,30.0,-25.0,0.0,35.0,0.0,15.0,75.0,71.5,25.0,0.0,0.0
1714657500,2024-05-02 09:45,open_30min,Thu,ORB,short,17492.0,17457.78328162096,17320.9164081048,17149.832816209604,114.05572793013198,40.94,-44.94,5.0,RISK-ON,trail_lock,0.3000000000000096,0.9271783357060341,-0.31125135619446065,4,100,False,v1-|v12-|v5-|v6-,-98.0,0.0,0.0,-77.3,35.0,-25.0,0.0,-35.0,0.0,-15.0,-75.0,-75.0,-25.0,0.0,0.0
1714743900,2024-05-03 09:45,open_30min,Fri,ORB,long,17995.0,18019.03500251548,18115.175012577405,18235.350025154807,80.11667505160221,37.54,49.54,15.0,RISK-ON,trail_lock,0.29999999999999544,0.6896192330050407,-0.7957144996212008,3,100,False,v1+|v12+|v15+|v5+|v6+,100.0,0.0,0.0,51.1,35.0,-25.0,60.0,15.0,20.0,15.0,90.0,80.0,0.0,0.0,0.0
1714746300,2024-05-03 10:25,open_30min,Fri,EMA PB,long,17943.75,17961.612355189187,18003.291183963953,18033.061775945927,59.54118396395279,28.75,28.75,0.0,RISK-ON,trail_lock,0.15000000000000915,0.7179904253479668,-0.558436997492863,3,50,False,v2+|v6+,0.0,0.0,0.0,25.0,35.0,-10.0,0.0,95.0,20.0,15.0,0.0,80.0,25.0,0.0,0.0
1715025000,2024-05-06 15:50,moc,Mon,ORB,long,18176.25,18040.79393872974,18379.434091905387,18582.618183810777,135.45606127025894,44.13,44.13,0.0,NEUTRAL,expired,0.0,0.18456169303579964,-0.027684253955369945,20,100,False,v1+|v12+|v5+|v6+,98.0,0.0,0.0,76.9,15.0,-25.0,0.0,35.0,20.0,15.0,90.0,80.0,25.0,0.0,0.0
1715089800,2024-05-07 09:50,open_30min,Tue,EMA PB,long,18208.0,18186.134694291566,18229.865305708434,18240.797958562653,21.86530570843388,25.45,25.45,0.0,RISK-ON,sl,-0.5,0.27440732272431395,-1.2005320369188737,2,50,False,v2+|v6+,0.0,0.0,0.0,25.0,35.0,-10.0,0.0,95.0,0.0,15.0,0.0,64.3,25.0,0.0,0.0
1715262300,2024-05-09 09:45,open_30min,Thu,ORB,short,18114.5,18206.539759134026,17976.440361298963,17838.38072259792,92.0397591340261,39.43,-43.43,5.0,RISK-ON,sl,-1.0,0.03531082687067257,-1.0756221108297184,10,100,False,v1-|v12-|v15-|v5-|v6-,-98.0,0.0,0.0,-55.0,35.0,-25.0,-60.0,-15.0,0.0,-15.0,-90.0,-66.9,0.0,0.0,0.0
1717163400,2024-05-31 09:50,open_30min,Fri,ORB,short,18544.0,18516.624048500482,18407.120242502406,18270.24048500481,91.25317166506284,29.16,-41.16,15.0,RISK-ON,trail_lock,0.29999999999999205,0.6766888084355931,-0.14520043257929732,4,100,False,v1-|v12-|v15-|v5-|v6-,-100.0,0.0,0.0,-75.9,35.0,-10.0,-60.0,-35.0,-20.0,-15.0,-40.0,-45.6,-25.0,0.0,0.0
1718041500,2024-06-10 13:45,early_pm,Mon,ORB,long,19113.0,18974.947368892714,19320.078946660928,19527.15789332186,138.0526311072863,32.82,36.82,5.0,RISK-ON,expired,0.0,0.12133053796695042,-0.5722455223515871,20,100,False,v1+|v12+|v15+|v5+|v6+,98.0,0.0,0.0,68.2,30.0,-25.0,60.0,-35.0,0.0,15.0,40.0,80.0,25.0,0.0,0.0
1718631900,2024-06-17 09:45,open_30min,Mon,ORB,short,19645.0,19712.14188306214,19544.28717540679,19443.57435081358,67.14188306214055,35.92,-39.92,5.0,RISK-ON,sl,-1.0,0.003723458273707073,-1.0388448583642733,5,100,False,v1-|v12-|v5-|v6-,-98.0,0.0,0.0,-70.4,35.0,-25.0,0.0,-35.0,0.0,-15.0,-40.0,-80.0,-25.0,0.0,0.0
1720545300,2024-07-09 13:15,lunch,Tue,ORB,short,20635.5,20767.926961101333,20436.859558348,20238.219116696,132.4269611013333,30.32,-42.32,15.0,RISK-ON,expired,0.0,0.14913881460201503,-0.3303707918399067,20,100,False,v1-|v12-|v6-|v7-,-96.0,0.0,0.0,-63.7,-25.0,-25.0,0.0,-35.0,20.0,-15.0,-20.0,-80.0,-65.0,0.0,0.0
1720619100,2024-07-10 09:45,open_30min,Wed,ORB,long,20774.25,20719.708237489624,20856.062643765566,20937.87528753113,54.54176251037643,25.63,40.63,15.0,NEUTRAL,sl,-1.0,0.40794427931746785,-1.3063384225334644,15,100,False,v1+|v12+|v15+|v5+|v6+,100.0,0.0,0.0,67.4,35.0,-25.0,60.0,35.0,0.0,15.0,40.0,80.0,25.0,0.0,0.0
1720791900,2024-07-12 09:45,open_30min,Fri,ORB,long,20494.5,20516.470916409176,20604.354582045882,20714.209164091768,73.2363880305893,30.91,42.91,15.0,RISK-ON,trail_lock,0.29999999999999505,0.754406402141559,-0.06485846896239647,2,100,False,v1+|v12+|v5+|v6+,98.0,0.0,0.0,78.0,35.0,-25.0,0.0,35.0,20.0,15.0,40.0,59.1,25.0,0.0,0.0
1721310600,2024-07-18 09:50,open_30min,Thu,ORB,short,20024.0,19985.277971661966,19830.389858309827,19636.77971661965,129.0734277934498,29.61,-41.61,15.0,RISK-ON,trail_lock,0.29999999999999155,1.0149261721756797,-0.6430448266456597,12,100,False,v1-|v12-|v5-|v6-,-98.0,0.0,0.0,-71.9,35.0,-25.0,0.0,-15.0,0.0,-15.0,-75.0,-70.3,-25.0,0.0,0.0
1721764200,2024-07-23 15:50,moc,Tue,ORB,short,19908.25,19868.884642313547,19711.42321156773,19514.596423135463,131.21785895484572,33.89,-38.89,5.0,NEUTRAL,trail_lock,0.29999999999999166,0.7411338728935164,-0.6973136181980129,14,100,False,v1-|v12-|v5-|v6-,-96.0,0.0,0.0,-77.9,15.0,-25.0,0.0,-35.0,0.0,-15.0,-75.0,-71.4,-25.0,0.0,0.0
1722001500,2024-07-26 09:45,open_30min,Fri,ORB,short,19063.0,19170.938586534012,18901.092120198984,18739.184240397964,107.93858653401185,41.71,-41.71,0.0,NEUTRAL,sl,-1.0,0.02084518680713886,-1.026046417284724,3,100,False,v1-|v12-|v5-|v6-,-98.0,0.0,0.0,-77.1,35.0,-25.0,0.0,-35.0,-20.0,-15.0,-90.0,-72.2,-25.0,0.0,0.0
1722865500,2024-08-05 09:45,open_30min,Mon,ORB,long,17921.75,18050.524526246678,18565.622631233397,19209.49526246679,429.24842082226314,25.54,30.54,5.0,NEUTRAL,expired,0.0,0.6231822576949269,-0.16540538428538246,20,100,False,v1+|v12+|v5+|v6+,96.0,0.0,0.0,70.3,35.0,-25.0,0.0,35.0,-20.0,15.0,40.0,40.9,25.0,0.0,0.0
1723211100,2024-08-09 09:45,open_30min,Fri,ORB,short,18444.5,18534.19140442344,18309.962893364842,18175.42578672968,89.69140442343996,25.35,-29.35,5.0,RISK-ON,sl,-1.0,0.44597361650350514,-1.3602195303356908,5,100,False,v1-|v6-,-100.0,0.0,0.0,-25.0,35.0,-25.0,0.0,-35.0,0.0,-15.0,0.0,-58.8,-25.0,0.0,0.0
1723643400,2024-08-14 09:50,open_30min,Wed,ORB,short,19029.0,18983.439245453264,18801.196227266322,18573.392454532648,151.86918182245063,30.73,-42.73,15.0,RISK-ON,trail_lock,0.3000000000000024,0.6716306677627829,-0.1711999741356113,8,100,False,v1-|v12-|v5-|v6-,-98.0,0.0,0.0,-79.0,35.0,-25.0,0.0,-35.0,-20.0,-15.0,-75.0,-56.8,0.0,0.0,0.0
1723729500,2024-08-15 09:45,open_30min,Thu,ORB,long,19409.25,19432.490463634025,19525.452318170122,19641.65463634024,77.46821211341376,36.13,52.13,20.0,RISK-ON,trail_lock,0.3000000000000141,0.6809244535393923,-0.08390538290058863,2,100,False,v1+|v12+|v5+|v6+,98.0,0.0,0.0,74.1,35.0,-25.0,0.0,35.0,20.0,15.0,90.0,80.0,25.0,0.0,0.0
1724248200,2024-08-21 09:50,open_30min,Wed,ORB,long,19864.5,19880.68183687419,19945.409184370965,20026.31836874193,53.93945624730986,33.2,33.2,0.0,NEUTRAL,trail_lock,0.299999999999973,0.8157293947914876,-0.027808956640618897,2,100,False,v1+|v12+|v6+,98.0,0.0,0.0,63.2,35.0,-25.0,0.0,35.0,20.0,15.0,0.0,62.0,25.0,0.0,0.0
1724356200,2024-08-22 15:50,moc,Thu,ORB,short,19571.5,20030.56551637242,18882.90172544137,18194.303450882744,459.06551637241864,32.71,-32.71,0.0,RISK-ON,expired,0.0,0.06426098007341509,-0.13178946760819024,20,100,False,v1-|v6-,-98.0,0.0,0.0,-25.0,15.0,-25.0,0.0,-35.0,0.0,-15.0,0.0,-80.0,-25.0,0.0,0.0
1724421000,2024-08-23 09:50,open_30min,Fri,EMA PB,long,19754.25,19762.89819791818,19783.077326393934,19797.4909895909,28.827326393933618,26.77,26.77,0.0,RISK-ON,trail_lock,0.15000000000001262,3.9632534227677323,-0.936611312163928,2,50,False,v2+|v6+,0.0,0.0,0.0,25.0,35.0,-10.0,0.0,95.0,20.0,15.0,0.0,61.0,25.0,0.0,0.0
1724939100,2024-08-29 09:45,open_30min,Thu,ORB,long,19615.75,19472.738904927774,19830.266642608338,20044.78328521668,143.01109507222645,42.84,42.84,0.0,NEUTRAL,expired,0.0,0.5436641119399377,-0.5943594792912502,20,100,False,v1+|v12+|v5+|v6+,98.0,0.0,0.0,71.8,35.0,-25.0,0.0,35.0,0.0,15.0,90.0,80.0,25.0,0.0,0.0
1725025500,2024-08-30 09:45,open_30min,Fri,EMA PB,long,19564.0,19574.869519293334,19600.23173097778,19618.34759646667,36.23173097777908,25.35,25.35,0.0,NEUTRAL,trail_lock,0.15,1.0833045769762428,-0.9177038773110847,1,50,False,v2+|v6+,0.0,0.0,0.0,0.0,35.0,-25.0,0.0,95.0,20.0,15.0,0.0,64.5,25.0,0.0,0.0
1725025800,2024-08-30 09:50,open_30min,Fri,ORB,long,19582.25,19603.967348220096,19690.83674110048,19799.423482200957,72.39116073365221,31.62,31.62,0.0,NEUTRAL,trail_lock,0.30000000000000504,0.6423436166618022,-0.3522529510726012,2,100,False,v1+|v6+,98.0,0.0,0.0,25.0,35.0,-25.0,0.0,35.0,20.0,15.0,0.0,70.1,25.0,0.0,0.0
1725287700,2024-09-02 10:35,mid_am,Mon,ORB,long,19650.75,19611.596064603906,19709.48090309414,19768.211806188283,39.15393539609431,43.34,43.34,0.0,RISK-ON,expired,0.0,0.4980342283025059,-0.223476897315227,20,100,False,v1+|v12+|v15+|v5+|v6+,98.0,0.0,0.0,66.7,35.0,-25.0,60.0,15.0,0.0,15.0,40.0,80.0,25.0,0.0,0.0
1725457500,2024-09-04 09:45,open_30min,Wed,ORB,long,18984.75,18855.779889466045,19178.205165800933,19371.660331601866,128.97011053395545,40.57,40.57,0.0,NEUTRAL,sl,-1.0,0.03876867267384091,-1.1359221093435385,3,100,False,v1+|v12+|v15+|v5+|v6+,98.0,0.0,0.0,68.9,35.0,-25.0,60.0,15.0,0.0,15.0,75.0,65.5,25.0,0.0,0.0
1725544200,2024-09-05 09:50,open_30min,Thu,ORB,long,19034.5,19081.10000874255,19267.500043712742,19500.500087425484,155.33336247516127,38.51,42.51,5.0,RISK-ON,trail_lock,0.3000000000000047,0.6453861450146009,-0.08690985493962207,6,100,False,v1+|v12+|v5+|v6+,98.0,0.0,0.0,75.9,35.0,-25.0,0.0,15.0,0.0,15.0,75.0,67.5,0.0,0.0,0.0
1725890700,2024-09-09 10:05,open_30min,Mon,EMA PB,long,18677.5,18688.909299987652,18715.530999958846,18734.546499938268,38.03099995884622,29.84,29.84,0.0,RISK-ON,trail_lock,0.1499999999999761,1.1372301555783786,0.0,1,50,False,v2+|v6+,35.0,0.0,0.0,25.0,35.0,-25.0,0.0,95.0,0.0,15.0,0.0,80.0,0.0,0.0,0.0
1726148700,2024-09-12 09:45,open_30min,Thu,ORB,short,19208.25,19293.21995676612,19080.79506485082,18953.340129701643,84.96995676611914,42.7,-42.7,0.0,RISK-ON,sl,-1.0,0.2736261248666504,-1.323997378387018,5,100,False,v1-|v12-|v5-|v6-,-98.0,0.0,0.0,-69.1,35.0,-25.0,0.0,-35.0,0.0,-15.0,-75.0,-58.4,-25.0,0.0,0.0
1727461500,2024-09-27 14:25,early_pm,Fri,ORB,short,20201.0,20386.409338886842,19922.885991669737,19644.771983339473,185.4093388868423,34.29,-39.29,5.0,NEUTRAL,expired,0.0,0.1510172042471321,-0.33439523797579257,20,100,False,v1-|v12-|v5-|v6-|v7-,-98.0,0.0,0.0,-75.6,30.0,-25.0,0.0,-35.0,0.0,-15.0,-40.0,-80.0,-65.0,0.0,0.0
1727963400,2024-10-03 09:50,open_30min,Thu,ORB,long,20011.75,20048.043411978084,20193.217059890427,20374.684119780854,120.97803992695117,28.57,32.57,5.0,RISK-ON,trail_lock,0.299999999999988,0.6674765110160354,-0.03306385193887482,2,100,False,v1+|v12+|v6+,98.0,0.0,0.0,70.6,35.0,-25.0,0.0,15.0,20.0,15.0,0.0,64.3,0.0,0.0,0.0
1728395100,2024-10-08 09:45,open_30min,Tue,EMA PB,long,20104.75,20113.26738923423,20133.141297447437,20147.336946171155,28.391297447436955,25.96,25.96,0.0,RISK-ON,trail_lock,0.15000000000001282,1.4529100009032476,-0.6075805458322672,1,50,False,v2+|v6+,0.0,0.0,0.0,25.0,35.0,-25.0,0.0,95.0,0.0,15.0,0.0,75.2,25.0,0.0,0.0
1729005600,2024-10-15 11:20,mid_am,Tue,EMA PB,short,20406.0,20387.96351060057,20345.878368668564,20315.817553002846,60.12163133143622,25.8,-25.8,0.0,RISK-ON,trail_lock,0.14999999999999394,0.9563945409767112,-0.46572255908431154,6,50,False,v12-|v2-|v6-,0.0,0.0,0.0,-63.5,35.0,-25.0,0.0,-98.0,-20.0,-15.0,0.0,-80.0,0.0,0.0,0.0
1729104000,2024-10-16 14:40,power_hour,Wed,EMA PB,long,20364.25,20336.200739834985,20392.299260165015,20406.32389024752,28.049260165014857,31.34,31.34,0.0,RISK-ON,expired,0.0,0.2584738405700534,-0.9625922338470955,12,50,False,v12+|v2+|v6+,35.0,0.0,0.0,69.1,30.0,-25.0,0.0,98.0,20.0,15.0,0.0,51.8,0.0,0.0,0.0
1729261500,2024-10-18 10:25,open_30min,Fri,EMA PB,long,20499.5,20461.66148648798,20537.33851351202,20556.25777026803,37.838513512018835,25.57,25.57,0.0,NEUTRAL,sl,-0.5,0.19160372136968717,-1.017481830721787,5,50,False,v2+|v6+,35.0,0.0,0.0,25.0,35.0,-25.0,0.0,95.0,0.0,15.0,0.0,64.6,0.0,0.0,0.0
1729518300,2024-10-21 09:45,open_30min,Mon,ORB,long,20490.0,20510.98482363528,20594.924118176405,20699.84823635281,69.94941211760306,27.84,43.84,20.0,RISK-ON,trail_lock,0.3,0.6862101988691425,-0.25375481312348497,4,100,False,v1+|v12+|v5+|v6+,100.0,0.0,0.0,73.7,35.0,-25.0,0.0,15.0,-20.0,15.0,75.0,74.6,25.0,0.0,0.0
1729777500,2024-10-24 09:45,open_30min,Thu,ORB,short,20302.25,20379.77359479923,20185.964607801157,20069.67921560231,77.52359479922961,38.22,-38.22,0.0,NEUTRAL,expired,0.0,0.0064496493137979295,-0.9835715203541843,20,100,False,v1-|v12-|v5-|v6-,-98.0,0.0,0.0,-69.6,35.0,-25.0,0.0,-35.0,0.0,-15.0,-90.0,-67.1,-25.0,0.0,0.0
1730123400,2024-10-28 09:50,open_30min,Mon,ORB,short,20538.0,20630.130220417734,20399.8046693734,20261.6093387468,92.13022041773365,31.58,-43.58,15.0,RISK-ON,expired,0.0,0.06512521052044604,-0.8683361402726139,20,100,False,v1-|v12-|v5-|v6-,-100.0,0.0,0.0,-55.6,35.0,-25.0,0.0,-15.0,-20.0,-15.0,-75.0,-80.0,-25.0,0.0,0.0
1730472300,2024-11-01 10:45,mid_am,Fri,EMA PB,long,20205.25,20221.28892246938,20258.713074897933,20285.4446123469,53.46307489793253,30.19,30.19,0.0,RISK-ON,trail_lock,0.1499999999999932,0.7294754384115713,-0.5985439494659046,3,50,False,v2+|v6+,35.0,0.0,0.0,25.0,35.0,-10.0,0.0,92.0,20.0,15.0,0.0,64.9,0.0,0.0,0.0
1730817900,2024-11-05 09:45,open_30min,Tue,ORB,long,20249.5,20281.24915230853,20408.24576154265,20566.9915230853,105.8305076951001,39.29,39.29,0.0,NEUTRAL,trail_lock,0.3,0.6779708570114135,-0.018898142355718843,5,100,False,v1+|v12+|v5+|v6+,100.0,0.0,0.0,71.4,35.0,-25.0,0.0,15.0,0.0,15.0,75.0,80.0,25.0,0.0,0.0
1730821500,2024-11-05 10:45,mid_am,Tue,EMA PB,long,20304.75,20264.451397913726,20345.048602086274,20365.19790312941,40.298602086273604,26.04,26.04,0.0,RISK-ON,sl,-0.5,0.031018445685136346,-1.1662935577611266,1,50,False,v2+|v6+,0.0,0.0,0.0,25.0,35.0,-25.0,0.0,95.0,20.0,15.0,0.0,80.0,0.0,0.0,0.0
1731434100,2024-11-12 12:55,lunch,Tue,ORB,short,21066.25,21245.201947599584,20797.822078600624,20529.394157201248,178.95194759958395,42.38,-47.38,5.0,NEUTRAL,expired,0.0,0.06426306142100204,-0.8018912446881558,20,100,False,v1-|v12-|v5-|v6-,-98.0,0.0,0.0,-78.3,-25.0,-25.0,-35.0,-35.0,-20.0,-15.0,-75.0,-80.0,-25.0,0.0,0.0
1731509100,2024-11-13 09:45,open_30min,Wed,ORB,short,21130.25,21112.80939474336,21043.046973716788,20955.843947433576,58.135350855474826,34.45,-38.45,5.0,RISK-ON,trail_lock,0.29999999999997495,1.2685912945351165,-0.5418389935980498,4,100,False,v1-|v12-|v5-|v6-,-100.0,0.0,0.0,-75.6,35.0,-25.0,0.0,-35.0,-20.0,-15.0,-40.0,-43.8,-25.0,0.0,0.0
1731605400,2024-11-14 12:30,lunch,Thu,ORB,short,21045.5,21178.463749808387,20846.054375287422,20646.60875057484,132.96374980838664,30.11,-30.11,0.0,NEUTRAL,expired,0.0,0.21622434717305639,-0.5659437260790432,20,100,False,v1-|v6-,-96.0,0.0,0.0,0.0,-25.0,-25.0,0.0,-15.0,-20.0,-15.0,0.0,-80.0,-25.0,0.0,0.0
1732119600,2024-11-20 11:20,mid_am,Wed,EMA PB,short,20588.25,20574.4658039769,20542.302679922996,20519.32901988449,45.947320077004406,26.2,-26.2,0.0,RISK-ON,trail_lock,0.15000000000000396,0.8760032126475253,-0.5005732643700145,3,50,False,v2-|v6-,-35.0,0.0,0.0,-25.0,35.0,-10.0,0.0,-95.0,0.0,-15.0,0.0,-80.0,0.0,0.0,0.0
1732632300,2024-11-26 09:45,open_30min,Tue,ORB,long,21016.0,20934.777606529136,21137.833590206297,21259.66718041259,81.22239347086361,52.38,52.38,0.0,RISK-ON,sl,-1.0,0.10772891103164586,-1.0649772347699848,3,100,False,v1+|v12+|v5+|v6+,98.0,0.0,0.0,78.1,35.0,-25.0,0.0,35.0,20.0,15.0,90.0,80.0,25.0,0.0,0.0
1732891800,2024-11-29 09:50,open_30min,Fri,ORB,long,20896.5,20924.824996082596,21038.124980412973,21179.749960825946,94.41665360864863,29.12,34.12,5.0,NEUTRAL,expired,0.0,1.0591351861981257,-0.039717569482429715,20,100,False,v1+|v12+|v5+|v6+,100.0,0.0,0.0,77.1,35.0,-25.0,0.0,35.0,0.0,15.0,40.0,43.2,25.0,0.0,0.0
1733325300,2024-12-04 10:15,open_30min,Wed,EMA PB,long,21446.75,21456.084160256694,21477.86386752232,21493.42080128348,31.113867522319197,27.32,31.32,5.0,RISK-ON,trail_lock,0.14999999999997662,1.004375299135768,-0.16070004786172287,3,50,False,v2+|v6+,35.0,0.0,0.0,25.0,35.0,-25.0,0.0,95.0,0.0,15.0,0.0,74.1,25.0,0.0,0.0
1733755500,2024-12-09 09:45,open_30min,Mon,ORB,long,21645.0,21580.348866062755,21741.976700905867,21838.953401811734,64.6511339372446,39.03,39.03,0.0,NEUTRAL,sl,-1.0,0.058003623008995336,-1.5467632802398756,8,100,False,v1+|v12+|v5+|v6+,98.0,0.0,0.0,70.0,35.0,-25.0,35.0,35.0,0.0,15.0,75.0,42.9,25.0,0.0,0.0
1734104400,2024-12-13 10:40,mid_am,Fri,ORB,short,21745.0,21899.437811212625,21513.343283181064,21281.686566362125,154.4378112126251,38.48,-42.48,5.0,RISK-ON,expired,0.0,0.5082952120573871,-0.20882191832930874,20,100,False,v1-|v12-|v5-|v6-,-100.0,0.0,0.0,-51.0,35.0,-25.0,-35.0,-15.0,0.0,-15.0,-90.0,-49.7,-25.0,0.0,0.0
1734360600,2024-12-16 09:50,open_30min,Mon,ORB,long,21967.0,21989.205636707582,22078.028183537914,22189.056367075824,74.0187890252746,28.53,33.53,5.0,NEUTRAL,trail_lock,0.2999999999999951,0.685636723706339,-0.5100056417717103,8,100,False,v1+|v12+|v6+,98.0,0.0,0.0,76.7,35.0,-25.0,0.0,35.0,0.0,15.0,0.0,80.0,25.0,0.0,0.0
1734465600,2024-12-17 15:00,power_hour,Tue,EMA PB,short,21977.5,21969.531181679708,21950.93727226569,21937.655908398538,26.562727734308282,27.93,-27.93,0.0,RISK-ON,trail_lock,0.15,0.8846982973682903,-0.4329374646695889,4,50,False,v2-|v6-,-35.0,0.0,0.0,-25.0,15.0,-25.0,0.0,-95.0,0.0,-15.0,0.0,-76.6,0.0,0.0,0.0
1734619800,2024-12-19 09:50,open_30min,Thu,ORB,short,21288.75,21246.342267962387,21076.711339811936,20864.672679623873,141.35910679204244,33.95,-33.95,0.0,NEUTRAL,trail_lock,0.3,0.6508247122369266,-0.5252579878651282,9,100,False,v1-|v12-|v5-|v6-,-98.0,0.0,0.0,-80.0,35.0,-25.0,0.0,-35.0,0.0,0.0,-75.0,-50.9,-25.0,0.0,0.0
1735239000,2024-12-26 13:50,early_pm,Thu,SWEEP,long,22027.25,22037.3,22060.75,22094.25,33.5,25.42,25.42,0.0,NEUTRAL,trail_lock,0.2999999999999783,0.9104477611940298,-0.9850746268656716,16,100,False,v3+|v6+,0.0,0.0,0.0,25.0,30.0,-25.0,0.0,35.0,98.0,15.0,0.0,49.0,0.0,0.0,0.0
1735829400,2025-01-02 09:50,open_30min,Thu,ORB,long,21379.5,21159.5091318334,21709.486302249898,22039.472604499795,219.99086816659837,32.06,32.06,0.0,NEUTRAL,expired,0.0,0.29319398817570175,-0.8784455537202226,20,100,False,v1+|v12+|v15+|v5+,100.0,0.0,0.0,77.3,35.0,-10.0,60.0,-35.0,-20.0,15.0,90.0,30.9,25.0,0.0,0.0
1736175900,2025-01-06 10:05,open_30min,Mon,EMA PB,long,21828.0,21843.32466728817,21879.082224293896,21904.623336440844,51.082224293895706,26.04,26.04,0.0,RISK-ON,trail_lock,0.15,0.7243224137446473,-0.9347674393596462,2,50,False,v2+|v6+,0.0,0.0,0.0,25.0,35.0,-25.0,0.0,95.0,20.0,15.0,0.0,80.0,0.0,0.0,0.0
1736174700,2025-01-06 09:45,open_30min,Mon,ORB,long,21829.75,21863.089836686537,21996.44918343269,22163.148366865385,111.13278895512849,41.17,41.17,0.0,NEUTRAL,trail_lock,0.2999999999999836,0.6028823772887788,-0.4454130996387246,19,100,False,v1+|v12+|v5+|v6+,98.0,0.0,0.0,65.8,35.0,-25.0,0.0,15.0,20.0,15.0,75.0,80.0,25.0,0.0,0.0
1736363100,2025-01-08 14:05,early_pm,Wed,ORB,long,21390.75,21283.105173840057,21552.217239239915,21713.68447847983,107.64482615994348,35.82,35.82,0.0,NEUTRAL,expired,0.0,0.38088221666204725,-0.8314380095427616,20,100,False,v1+|v12+|v5+|v6+,98.0,0.0,0.0,75.9,30.0,-25.0,0.0,35.0,20.0,15.0,40.0,42.4,25.0,0.0,0.0
1736520300,2025-01-10 09:45,open_30min,Fri,ORB,short,21035.25,20984.168376811715,20779.841884058573,20524.433768117146,170.27207729428483,48.24,-48.24,0.0,RISK-ON,trail_lock,0.3,0.6210648374086025,-0.20114865892429915,3,100,False,v1-|v12-|v5-|v6-,-98.0,0.0,0.0,-60.2,35.0,-25.0,0.0,-35.0,-20.0,-15.0,-90.0,-80.0,-25.0,0.0,0.0
1736866200,2025-01-14 09:50,open_30min,Tue,ORB,short,21006.75,20967.910559017833,20812.55279508917,20618.355590178337,129.4648032738878,26.1,-26.1,0.0,RISK-ON,expired,0.0,1.0118580238589203,-0.8052381602083393,20,100,False,v1-|v12-|v5-|v6-,-98.0,0.0,0.0,-61.6,35.0,-10.0,-35.0,35.0,20.0,-15.0,-40.0,-41.1,-25.0,0.0,0.0
1736952300,2025-01-15 09:45,open_30min,Wed,ORB,long,21344.5,21180.817135072648,21590.024297391028,21835.548594782056,163.68286492735206,34.2,46.2,15.0,RISK-ON,expired,0.0,0.38794531136892935,-0.34365234274806733,20,100,False,v1+|v12+|v15+|v5+|v6+,98.0,0.0,0.0,79.1,35.0,-25.0,60.0,35.0,20.0,15.0,40.0,80.0,0.0,0.0,0.0
1737038700,2025-01-16 09:45,open_30min,Thu,ORB,short,21385.0,21502.73993559483,21208.390096607756,21031.780193215513,117.73993559482915,39.77,-39.77,0.0,RISK-ON,expired,0.0,0.4140481286465132,-0.7622732214569141,20,100,False,v1-|v5-|v6-,-98.0,0.0,0.0,-25.0,35.0,-25.0,0.0,-15.0,0.0,-15.0,-90.0,-59.8,-25.0,0.0,0.0
1737471000,2025-01-21 09:50,open_30min,Tue,ORB,short,21583.5,21722.983940424925,21374.27408936261,21165.048178725225,139.4839404249251,40.92,-40.92,0.0,NEUTRAL,expired,0.0,0.4140261583094792,-0.5215654202080452,20,100,False,v1-|v12-|v5-|v6-,-98.0,0.0,0.0,-69.2,35.0,-25.0,0.0,-35.0,-20.0,-15.0,-90.0,-69.6,-25.0,0.0,0.0
1737557100,2025-01-22 09:45,open_30min,Wed,ORB,long,21986.75,22012.953710664813,22117.768553324066,22248.78710664813,87.34570221604372,26.55,41.55,15.0,NEUTRAL,trail_lock,0.3,0.6411305717307964,-0.12307417225189395,13,100,False,v1+|v12+|v5+|v6+,98.0,0.0,0.0,76.7,35.0,-25.0,0.0,35.0,0.0,15.0,75.0,80.0,25.0,0.0,0.0
1737648600,2025-01-23 11:10,mid_am,Thu,ORB,long,21939.0,21862.62932662931,22053.556010056032,22168.11202011207,76.37067337068947,30.76,30.76,0.0,RISK-ON,expired,0.0,0.42555602256183944,-0.507393719208347,20,100,False,v1+|v6+,98.0,0.0,0.0,25.0,35.0,-25.0,0.0,35.0,0.0,15.0,0.0,46.3,25.0,0.0,0.0
1737729900,2025-01-24 09:45,open_30min,Fri,ORB,long,22063.5,21997.0135102189,22163.229734671648,22262.959469343295,66.4864897810985,38.47,38.47,0.0,NEUTRAL,sl,-1.0,0.22184958250259876,-1.1205283997588886,7,100,False,v1+|v12+|v5+|v6+,98.0,0.0,0.0,63.2,35.0,-25.0,35.0,35.0,0.0,15.0,40.0,76.8,25.0,0.0,0.0
1738335000,2025-01-31 09:50,open_30min,Fri,ORB,long,21857.25,21886.194796321564,22001.97398160782,22146.697963215647,96.48265440521573,25.27,30.27,5.0,NEUTRAL,trail_lock,0.2999999999999962,0.6866519210982509,-0.29538988303849284,4,100,False,v1+|v12+|v6+,98.0,0.0,0.0,64.3,35.0,-25.0,0.0,35.0,-20.0,15.0,0.0,80.0,25.0,0.0,0.0
1738598700,2025-02-03 11:05,mid_am,Mon,EMA PB,long,21419.0,21318.975947472965,21519.024052527035,21569.036078790552,100.02405252703466,28.93,28.93,0.0,RISK-ON,expired,0.0,0.5548665405753218,-0.5648641359010034,12,50,False,v2+|v6+,35.0,0.0,0.0,25.0,35.0,-25.0,0.0,95.0,0.0,15.0,0.0,71.3,0.0,0.0,0.0
1738770000,2025-02-05 10:40,mid_am,Wed,EMA PB,long,21597.25,21612.55384234999,21648.262807833296,21673.769211749946,51.01280783329639,29.85,29.85,0.0,RISK-ON,trail_lock,0.15000000000000357,0.7057051263996993,-0.5488817649775439,5,50,False,v2+|v6+,35.0,0.0,0.0,25.0,35.0,-25.0,0.0,98.0,20.0,15.0,0.0,60.4,0.0,0.0,0.0
1739286600,2025-02-11 10:10,open_30min,Tue,EMA PB,long,21800.5,21811.7712015977,21838.07067199234,21856.85600798851,37.57067199234007,28.89,28.89,0.0,RISK-ON,trail_lock,0.1499999999999903,1.1910886238373288,-0.41255583618946584,3,50,False,v2+|v6+,35.0,0.0,0.0,25.0,35.0,-25.0,0.0,95.0,20.0,15.0,0.0,54.9,0.0,0.0,0.0
1739475000,2025-02-13 14:30,power_hour,Thu,SWEEP,long,22041.25,22075.15,22154.25,22267.25,113.0,30.59,30.59,0.0,NEUTRAL,trail_lock,0.30000000000001287,0.7323008849557522,-0.059734513274336286,19,100,False,v12+|v3+|v6+,0.0,0.0,0.0,57.7,30.0,-25.0,0.0,35.0,96.0,15.0,0.0,80.0,0.0,0.0,0.0
1739976300,2025-02-19 09:45,open_30min,Wed,ORB,short,22165.5,22147.81151381453,22077.057569072647,21988.61513814529,58.96162061823634,31.25,-31.25,0.0,RISK-ON,trail_lock,0.2999999999999938,0.8056087926678976,-0.4536849516603424,4,100,False,v1-|v6-,-98.0,0.0,0.0,-25.0,35.0,-25.0,0.0,-35.0,0.0,-15.0,0.0,-80.0,-25.0,0.0,0.0
1740153900,2025-02-21 11:05,mid_am,Fri,EMA PB,short,21982.0,22037.134101461314,21926.865898538686,21899.29884780803,55.13410146131355,27.2,-27.2,0.0,RISK-ON,expired,0.0,0.3990270888052278,-0.8660701586568011,12,50,False,v2-|v6-,-35.0,0.0,0.0,-25.0,35.0,-25.0,0.0,-98.0,0.0,-15.0,0.0,-80.0,0.0,0.0,0.0
1740494700,2025-02-25 09:45,open_30min,Tue,ORB,short,21287.25,21252.691793189144,21114.458965945727,20941.66793189145,115.1940227028499,27.08,-27.08,0.0,RISK-ON,trail_lock,0.3000000000000095,0.6640969575073914,-0.0759588023292768,1,100,False,v1-|v6-,-98.0,0.0,0.0,-25.0,35.0,-25.0,0.0,-15.0,20.0,-15.0,0.0,-80.0,-25.0,0.0,0.0
1741358700,2025-03-07 09:45,open_30min,Fri,ORB,long,20194.75,20015.577298355056,20463.509052467416,20732.268104934832,179.17270164494403,38.53,38.53,0.0,RISK-ON,sl,-1.0,0.26371204746151866,-1.5055306836559716,9,100,False,v1+|v12+|v15+|v5+,98.0,0.0,0.0,53.8,35.0,-10.0,60.0,15.0,20.0,15.0,40.0,39.7,0.0,0.0,0.0
1741614600,2025-03-10 09:50,open_30min,Mon,ORB,short,19766.0,19722.332910002664,19547.664550013316,19329.32910002663,145.55696665779033,44.35,-48.35,5.0,RISK-ON,trail_lock,0.2999999999999925,0.6457952659936738,-0.42595006905965715,5,100,False,v1-|v12-|v5-|v6-,-98.0,0.0,0.0,-62.0,35.0,-25.0,0.0,-35.0,-20.0,-15.0,-90.0,-80.0,-25.0,0.0,0.0
1741700700,2025-03-11 09:45,open_30min,Tue,ORB,long,19587.5,19378.779781181365,19900.580328227952,20213.660656455904,208.72021881863475,30.39,30.39,0.0,RISK-ON,sl,-1.0,0.12696422105146843,-1.1223158030681688,3,100,False,v1+|v6+,98.0,0.0,0.0,25.0,35.0,-25.0,0.0,35.0,-20.0,15.0,0.0,58.8,25.0,0.0,0.0
1741960200,2025-03-14 09:50,open_30min,Fri,ORB,long,19608.25,19446.173972483357,19851.364041274966,20094.47808254993,162.07602751664308,29.44,33.44,5.0,RISK-ON,sl,-1.0,0.0077124298957268154,-1.058145381693719,2,100,False,v1+|v6+,98.0,0.0,0.0,25.0,35.0,-25.0,0.0,15.0,20.0,15.0,0.0,80.0,25.0,0.0,0.0
1744033800,2025-04-07 09:50,open_30min,Mon,ORB,long,17120.0,17259.4141986561,17817.070993280504,18514.141986561004,464.7139955203347,29.68,41.68,15.0,RISK-ON,trail_lock,0.30000000000000077,2.1567028530694294,-0.09360596069695204,4,100,False,v1+|v12+|v15+|v5+|v6+,100.0,0.0,0.0,77.8,35.0,-25.0,60.0,-35.0,0.0,15.0,90.0,44.4,25.0,0.0,0.0
1744120200,2025-04-08 09:50,open_30min,Tue,ORB,long,18214.0,18263.716264063165,18462.581320315825,18711.162640631646,165.72088021054878,44.33,48.33,5.0,RISK-ON,trail_lock,0.3000000000000022,0.6833779778149597,-0.18102727889138004,3,100,False,v1+|v12+|v5+|v6+,100.0,0.0,0.0,69.9,35.0,-25.0,0.0,35.0,0.0,15.0,75.0,80.0,25.0,0.0,0.0
1744660200,2025-04-14 15:50,moc,Mon,ORB,short,18978.0,18893.075787357084,18553.37893678542,18128.757873570838,283.0807088097208,33.27,-33.27,0.0,RISK-ON,trail_lock,0.3,0.656173289875631,-0.017662807264485353,9,100,False,v1-|v12-|v15-|v3-|v5-|v6-,-100.0,0.0,0.0,-53.9,15.0,15.0,-60.0,35.0,-45.0,-15.0,-40.0,-43.0,-25.0,0.0,0.0
1744811400,2025-04-16 09:50,open_30min,Wed,ORB,short,18553.0,18685.312315353705,18354.53152696944,18156.063053938884,132.31231535370534,35.02,-35.02,0.0,RISK-ON,sl,-1.0,0.3306570509558754,-1.1790285702655214,18,100,False,v1-|v12-|v15-|v6-,-100.0,0.0,0.0,-57.1,35.0,-25.0,-60.0,-35.0,20.0,-15.0,0.0,-79.9,-25.0,0.0,0.0
1745243400,2025-04-21 09:50,open_30min,Mon,ORB,short,18055.0,18020.44305351176,17882.215267558808,17709.43053511762,115.18982162746033,32.6,-37.6,5.0,NEUTRAL,tp1,1.5000000000000158,1.5040391377661322,-0.0347252903380348,17,100,False,v1-|v12-|v5-|v6-,-96.0,0.0,0.0,-66.8,35.0,-25.0,0.0,-35.0,0.0,-15.0,-75.0,-80.0,-25.0,0.0,0.0
1745502300,2025-04-24 09:45,open_30min,Thu,ORB,long,18980.25,19021.8934711606,19188.46735580301,19396.684711606023,138.81157053534116,37.36,49.36,15.0,RISK-ON,tp1,1.5,1.6461163800594298,-0.05042807291210507,17,100,False,v1+|v12+|v15+|v5+|v6+,98.0,0.0,0.0,53.0,35.0,-25.0,60.0,15.0,20.0,15.0,90.0,80.0,0.0,0.0,0.0
1746539400,2025-05-06 09:50,open_30min,Tue,ORB,short,19754.0,19868.23337814653,19582.6499327802,19411.299865560406,114.23337814653132,42.41,-42.41,0.0,RISK-ON,sl,-1.0,0.13131013232191166,-1.0220305299055459,5,100,False,v1-|v12-|v15-|v5-|v6-,-100.0,0.0,0.0,-68.6,35.0,-25.0,-60.0,-15.0,-20.0,-15.0,-40.0,-80.0,-25.0,0.0,0.0
1746629400,2025-05-07 10:50,mid_am,Wed,ORB,short,19848.75,19821.44109719397,19712.20548596984,19575.660971939684,91.0296760201054,37.73,-42.73,5.0,NEUTRAL,trail_lock,0.299999999999996,0.6563793546491721,-0.1318251423563191,4,100,False,v1-|v12-|v15-|v5-|v6-,-96.0,0.0,0.0,-71.7,35.0,-25.0,-60.0,-35.0,0.0,-15.0,-90.0,-80.0,-25.0,0.0,0.0
1746711900,2025-05-08 09:45,open_30min,Thu,ORB,short,20077.0,20046.65694000785,19925.28470003925,19773.569400078497,101.14353330716767,41.76,-41.76,0.0,RISK-ON,trail_lock,0.299999999999982,0.7983703689168781,-0.4671578938863466,13,100,False,v1-|v12-|v5-|v6-,-100.0,0.0,0.0,-55.2,35.0,-25.0,0.0,-35.0,20.0,-15.0,-75.0,-70.8,-25.0,0.0,0.0
1746800700,2025-05-09 10:25,open_30min,Fri,ORB,short,20133.75,20284.45388117589,19907.694178236165,19681.63835647233,150.70388117589027,25.63,-25.63,0.0,NEUTRAL,expired,0.0,0.5026413348412061,-0.2820099898449011,20,100,False,v1-|v12-|v15-|v6-,-96.0,0.0,0.0,-52.2,35.0,-25.0,-60.0,-15.0,20.0,-15.0,0.0,-64.8,-25.0,0.0,0.0
1747144200,2025-05-13 09:50,open_30min,Tue,ORB,long,21111.0,21153.716019604715,21324.580098023573,21538.160196047145,142.3867320157151,38.01,50.01,15.0,RISK-ON,trail_lock,0.3000000000000051,0.7532302938743121,-0.057940791836485546,4,100,False,v1+|v12+|v5+|v6+,98.0,0.0,0.0,75.2,35.0,-25.0,0.0,35.0,20.0,15.0,75.0,80.0,25.0,0.0,0.0
1747835100,2025-05-21 09:45,open_30min,Wed,ORB,long,21382.25,21414.925794995823,21545.62897497912,21709.007949958243,108.91931665274751,37.34,37.34,0.0,NEUTRAL,trail_lock,0.29999999999998667,0.7046500323233892,-0.1813268812819145,14,100,False,v1+|v12+|v15+|v5+|v6+,96.0,0.0,0.0,73.8,35.0,-25.0,60.0,15.0,0.0,15.0,75.0,59.4,0.0,0.0,0.0
1748358900,2025-05-27 11:15,mid_am,Tue,EMA PB,long,21382.0,21391.87014385844,21414.900479528136,21431.350719292204,32.9004795281362,26.9,26.9,0.0,NEUTRAL,trail_lock,0.14999999999997787,0.7446699972578763,-0.44832173304300715,7,50,False,v2+|v6+,35.0,0.0,0.0,25.0,35.0,-25.0,0.0,92.0,0.0,15.0,0.0,80.0,0.0,0.0,0.0
1748526300,2025-05-29 09:45,open_30min,Thu,ORB,short,21491.0,21684.832955726884,21200.250566409675,20909.501132819347,193.8329557268844,35.97,-47.97,15.0,RISK-ON,expired,0.0,0.5700784966396392,-0.3443686846216825,20,100,False,v1-|v12-|v15-|v5-|v6-,-98.0,0.0,0.0,-72.5,35.0,-25.0,-60.0,-15.0,0.0,-15.0,-90.0,-80.0,-25.0,0.0,0.0
1748612700,2025-05-30 09:45,open_30min,Fri,ORB,short,21290.75,21396.006241592055,21132.865637611918,20974.981275223836,105.25624159205472,27.17,-27.17,0.0,RISK-ON,sl,-1.0,0.5320349572906199,-1.033192885809909,10,100,False,v1-|v6-,-100.0,0.0,0.0,-25.0,35.0,-10.0,0.0,-35.0,0.0,-15.0,0.0,-63.9,0.0,0.0,0.0
1750182300,2025-06-17 13:45,early_pm,Tue,ORB,short,21741.5,21890.330976752422,21518.253534871365,21295.007069742733,148.83097675242243,30.79,-34.79,5.0,RISK-ON,expired,0.0,0.3796252717872483,-0.15285796341875926,20,100,False,v1-|v6-,-96.0,0.0,0.0,-25.0,30.0,-25.0,-35.0,-35.0,-20.0,-15.0,0.0,-80.0,-25.0,0.0,0.0
1750254300,2025-06-18 09:45,open_30min,Wed,ORB,long,21778.75,21801.960983967023,21894.80491983511,22010.859839670222,77.36994655674062,29.62,34.62,5.0,NEUTRAL,trail_lock,0.3000000000000094,0.7044078796155231,-0.2843481348906699,5,100,False,v1+|v12+|v15+|v5+,98.0,0.0,0.0,64.8,35.0,-10.0,60.0,-35.0,20.0,15.0,75.0,33.3,25.0,0.0,0.0
1750258800,2025-06-18 11:00,mid_am,Wed,EMA PB,long,21856.0,21821.16259838998,21890.83740161002,21908.25610241503,34.837401610020606,25.52,25.52,0.0,RISK-ON,sl,-0.5,0.021528586098231578,-1.076429304911579,5,50,False,v2+|v6+,0.0,0.0,0.0,25.0,35.0,-25.0,0.0,95.0,20.0,15.0,0.0,75.0,0.0,0.0,0.0
1750686300,2025-06-23 09:45,open_30min,Mon,ORB,long,21904.0,21949.079475430783,22129.39737715391,22354.79475430782,150.26491810260632,29.07,33.07,5.0,RISK-ON,trail_lock,0.3000000000000048,0.7586601146793072,-0.07320404615326648,20,100,False,v1+|v6+,100.0,0.0,0.0,25.0,35.0,-25.0,0.0,35.0,0.0,15.0,0.0,65.4,25.0,0.0,0.0
1750873200,2025-06-25 13:40,early_pm,Wed,ORB,short,22414.75,22551.237899949603,22210.018150075593,22005.28630015119,136.48789994960316,28.88,-28.88,0.0,RISK-ON,expired,0.0,0.09341487417351878,-0.3425212053029022,20,100,False,v1-|v6-,-96.0,0.0,0.0,0.0,30.0,-25.0,0.0,-35.0,-20.0,-15.0,0.0,-55.8,-25.0,0.0,0.0
1751037900,2025-06-27 11:25,mid_am,Fri,EMA PB,long,22792.5,22802.307958703044,22825.193195676817,22841.539793515225,32.693195676816686,27.68,27.68,0.0,NEUTRAL,trail_lock,0.14999999999998886,0.8411536232752165,-0.09940906456888923,7,50,False,v2+|v6+,35.0,0.0,0.0,25.0,35.0,-25.0,35.0,92.0,0.0,15.0,0.0,69.8,0.0,0.0,0.0
1751550600,2025-07-03 09:50,open_30min,Thu,ORB,long,22994.0,23014.159479042624,23094.797395213114,23195.59479042623,67.19826347540948,35.23,47.23,15.0,RISK-ON,trail_lock,0.30000000000002164,0.6771008303905095,-0.07812701889121264,2,100,False,v1+|v12+|v5+|v6+,98.0,0.0,0.0,70.7,35.0,-25.0,0.0,15.0,20.0,15.0,75.0,80.0,25.0,0.0,0.0
1752605700,2025-07-15 14:55,power_hour,Tue,ORB,short,23094.5,23055.167756423853,22897.83878211927,22701.17756423854,131.1074785871533,38.52,-38.52,0.0,NEUTRAL,expired,0.0,0.6406957170193861,-0.21356523900646204,20,100,False,v1-|v12-|v15-|v5-|v6-,-98.0,0.0,0.0,-80.0,30.0,-25.0,-60.0,-15.0,0.0,-15.0,-75.0,-65.2,-25.0,0.0,0.0
1752673500,2025-07-16 09:45,open_30min,Wed,ORB,short,22997.5,22968.940204939023,22854.701024695118,22711.90204939023,95.19931686992277,28.25,-28.25,0.0,RISK-ON,trail_lock,0.3000000000000038,0.6460130389804329,-0.5068313679805835,18,100,False,v1-|v6-,-100.0,0.0,0.0,-25.0,35.0,-25.0,0.0,-35.0,0.0,-15.0,0.0,-48.2,-25.0,0.0,0.0
1752759900,2025-07-17 09:45,open_30min,Thu,ORB,long,23136.25,23158.29663885369,23246.483194268458,23356.716388536915,73.48879617897182,40.83,40.83,0.0,RISK-ON,expired,0.0,1.4662098932412737,-0.2891597237250772,20,100,False,v1+|v12+|v15+|v5+|v6+,98.0,0.0,0.0,72.5,35.0,-25.0,60.0,35.0,-20.0,15.0,40.0,64.5,0.0,0.0,0.0
1753300200,2025-07-23 15:50,moc,Wed,ORB,long,23292.0,23325.379199873198,23458.89599936599,23625.791998731973,111.26399957732428,30.44,30.44,0.0,NEUTRAL,trail_lock,0.30000000000000326,0.8628127729066905,-0.03145671567888975,2,100,False,v1+|v6+,98.0,0.0,0.0,25.0,15.0,-25.0,0.0,35.0,20.0,15.0,0.0,73.1,25.0,0.0,0.0
1753451100,2025-07-25 09:45,open_30min,Fri,ORB,long,23383.75,23400.35389791734,23466.769489586688,23549.788979173376,55.34632639112533,28.83,28.83,0.0,NEUTRAL,trail_lock,0.3000000000000263,0.7182048492088146,-0.194231500100497,9,100,False,v1+|v12+|v5+,98.0,0.0,0.0,76.7,35.0,-25.0,0.0,-35.0,0.0,0.0,90.0,31.0,25.0,0.0,0.0
1753900200,2025-07-30 14:30,power_hour,Wed,ORB,long,23571.25,23448.28699231361,23755.694511529586,23940.13902305917,122.96300768639048,35.96,35.96,0.0,NEUTRAL,sl,-1.0,0.14841862071677273,-1.3906621447982541,5,100,False,v1+|v12+|v6+,96.0,0.0,0.0,56.1,30.0,-25.0,35.0,35.0,20.0,15.0,0.0,80.0,25.0,0.0,0.0
1753982700,2025-07-31 13:25,lunch,Thu,ORB,short,23454.0,23756.109199908606,23000.83620013709,22547.672400274183,302.10919990860566,34.47,-50.47,20.0,RISK-ON,expired,0.0,0.49154411730898745,-0.13736754793483488,20,100,False,v1-|v12-|v15-|v5-|v6-,-98.0,0.0,0.0,-50.9,-25.0,-25.0,-60.0,-15.0,-20.0,-15.0,-75.0,-80.0,-25.0,0.0,0.0
1754055900,2025-08-01 09:45,open_30min,Fri,ORB,short,22865.75,23101.792646636764,22511.686030044853,22157.622060089707,236.0426466367644,32.27,-48.27,20.0,RISK-ON,expired,0.0,0.2785513589888685,-0.6651340435171461,20,100,False,v1-|v12-|v15-|v5-|v6-,-98.0,0.0,0.0,-77.3,35.0,-25.0,-60.0,-15.0,0.0,-15.0,-90.0,-80.0,-25.0,0.0,0.0
1754315100,2025-08-04 09:45,open_30min,Mon,ORB,long,23216.75,23085.739384541102,23413.265923188344,23609.781846376693,131.01061545889752,33.75,49.75,20.0,RISK-ON,expired,0.0,0.3625660396573159,-0.22135610842236128,20,100,False,v1+|v12+|v15+|v5+|v6+,98.0,0.0,0.0,52.7,35.0,-25.0,60.0,15.0,0.0,15.0,90.0,80.0,25.0,0.0,0.0
1754928300,2025-08-11 12:05,lunch,Mon,ORB,long,23799.0,23677.881340207005,23980.677989689495,24162.355979378986,121.11865979299546,32.18,37.18,5.0,NEUTRAL,expired,0.0,0.04541001369566076,-0.8937516331918686,20,100,False,v1+|v12+|v5+|v6+,98.0,0.0,0.0,78.6,-25.0,-25.0,0.0,35.0,0.0,15.0,75.0,80.0,25.0,0.0,0.0
1757425800,2025-09-09 09:50,open_30min,Tue,ORB,short,23807.25,23791.292989843467,23727.464949217334,23647.67989843467,53.190033855109505,34.88,-38.88,5.0,RISK-ON,trail_lock,0.3000000000000068,1.0340282946579968,-0.8178223785022339,8,100,False,v1-|v12-|v5-|v6-,-98.0,0.0,0.0,-69.2,35.0,-25.0,0.0,-35.0,-20.0,-15.0,-40.0,-54.7,-25.0,0.0,0.0
1757512200,2025-09-10 09:50,open_30min,Wed,ORB,short,23915.75,24004.414067494847,23782.753898757728,23649.75779751546,88.66406749484668,28.6,-28.6,0.0,RISK-ON,expired,0.0,0.12124415565104557,-0.8487090895573189,20,100,False,v1-|v12-,-100.0,0.0,0.0,-50.6,35.0,-25.0,0.0,-35.0,0.0,-15.0,0.0,-36.2,-25.0,0.0,0.0
1757689800,2025-09-12 11:10,mid_am,Fri,EMA PB,long,24095.0,24069.528755076368,24120.471244923632,24133.20686738545,25.471244923632185,29.36,29.36,0.0,NEUTRAL,expired,0.0,0.40241456712192597,-0.912794018105832,12,50,False,v2+|v6+,35.0,0.0,0.0,25.0,35.0,-25.0,0.0,92.0,20.0,15.0,0.0,80.0,0.0,0.0,0.0
1757703000,2025-09-12 14:50,power_hour,Fri,ORB,long,24154.0,23999.63841712501,24385.542374312485,24617.08474862497,154.36158287498984,51.35,51.35,0.0,RISK-ON,expired,0.0,0.032391479193688136,-0.4308066732760522,20,100,False,v1+|v12+|v5+|v6+,98.0,0.0,0.0,67.5,30.0,-25.0,0.0,35.0,20.0,15.0,90.0,80.0,25.0,0.0,0.0
1757943900,2025-09-15 09:45,open_30min,Mon,ORB,long,24228.5,24245.955272809966,24315.776364049838,24403.052728099676,58.18424269989191,35.14,47.14,15.0,RISK-ON,trail_lock,0.299999999999975,0.6316143047448871,-0.042966959506454905,4,100,False,v1+|v12+|v5+|v6+,98.0,0.0,0.0,69.3,35.0,-25.0,0.0,15.0,20.0,15.0,75.0,80.0,25.0,0.0,0.0
1758205500,2025-09-18 10:25,open_30min,Thu,SWEEP,long,24540.75,24408.75,24672.75,24804.75,132.0,30.87,30.87,0.0,RISK-ON,expired,0.0,0.2178030303030303,-0.4602272727272727,20,100,False,v12+|v3+|v6+,35.0,0.0,0.0,73.4,35.0,-25.0,0.0,15.0,96.0,15.0,0.0,80.0,0.0,0.0,0.0
1758549000,2025-09-22 09:50,open_30min,Mon,ORB,long,24877.0,24896.562507248207,24974.81253624103,25072.625072482057,65.20835749401886,38.72,50.72,15.0,RISK-ON,expired,0.0,0.9316290477884251,-0.3373800666888124,20,100,False,v1+|v12+|v15+|v5+|v6+,100.0,0.0,0.0,71.6,35.0,-25.0,60.0,15.0,20.0,15.0,75.0,80.0,25.0,0.0,0.0
1758648300,2025-09-23 13:25,lunch,Tue,ORB,short,24869.0,24825.974709308965,24653.873546544826,24438.747093089652,143.4176356367825,48.59,-48.59,0.0,RISK-ON,trail_lock,0.3000000000000051,0.6170789220381088,-0.07669907505558414,3,100,False,v1-|v12-|v5-|v6-,-98.0,0.0,0.0,-70.8,-25.0,-25.0,0.0,-15.0,-20.0,-15.0,-75.0,-80.0,-25.0,0.0,0.0
1759240200,2025-09-30 09:50,open_30min,Tue,ORB,short,24734.0,24834.550514184997,24583.174228722506,24432.34845744501,100.55051418499716,38.59,-38.59,0.0,NEUTRAL,sl,-1.0,0.11685668735996561,-1.0392786237545877,11,100,False,v1-|v12-|v5-|v6-,-100.0,0.0,0.0,-76.2,35.0,-25.0,0.0,-35.0,0.0,-15.0,-75.0,-79.6,-25.0,0.0,0.0
1760632200,2025-10-16 12:30,lunch,Thu,ORB,short,24766.75,25114.664862496964,24244.877706254556,23723.00541250911,347.9148624969639,33.99,-49.99,20.0,RISK-ON,expired,0.0,0.2026357813346224,-0.575571846982385,20,100,False,v1-|v12-|v15-|v5-|v6-,-98.0,0.0,0.0,-69.9,-25.0,-25.0,-60.0,-15.0,0.0,-15.0,-75.0,-80.0,-25.0,0.0,0.0
1760709000,2025-10-17 09:50,open_30min,Fri,ORB,long,24848.75,24904.063656253,25125.318281265012,25401.88656253002,184.37885417667349,41.51,45.51,5.0,RISK-ON,trail_lock,0.29999999999999805,0.607444929084333,-0.3891444076946508,5,100,False,v1+|v12+|v15+|v5+|v6+,98.0,0.0,0.0,65.5,35.0,-25.0,60.0,35.0,0.0,15.0,40.0,77.6,25.0,0.0,0.0
1761141000,2025-10-22 09:50,open_30min,Wed,ORB,long,25280.25,25168.50684569398,25447.864731459027,25615.479462918058,111.74315430601928,32.09,32.09,0.0,NEUTRAL,sl,-1.0,0.020135461666297344,-1.4855496162690485,7,100,False,v1+|v12+|v5+,98.0,0.0,0.0,58.2,35.0,-25.0,0.0,35.0,0.0,15.0,40.0,37.6,25.0,0.0,0.0
1761925500,2025-10-31 11:45,lunch,Fri,ORB,short,26072.5,26032.861009871183,25874.305049355924,25676.110098711848,132.12996709605068,33.54,-37.54,5.0,RISK-ON,trail_lock,0.30000000000001104,0.8854917818525446,-0.2270491748339858,9,100,False,v1-|v12-|v6-,-98.0,0.0,0.0,-70.0,-25.0,-25.0,0.0,-35.0,0.0,-15.0,0.0,-71.4,-25.0,0.0,0.0
1762267800,2025-11-04 09:50,open_30min,Tue,ORB,long,25852.25,25656.859723209363,26145.335415185953,26438.42083037191,195.39027679063656,31.49,31.49,0.0,NEUTRAL,expired,0.0,0.21111593001221834,-0.5834476611246762,20,100,False,v1+|v12+|v5+|v6+,96.0,0.0,0.0,76.1,35.0,-25.0,0.0,35.0,-20.0,15.0,40.0,46.3,25.0,0.0,0.0
1762872300,2025-11-11 09:45,open_30min,Tue,ORB,short,25583.0,25563.04723203285,25483.23616016425,25383.472320328503,66.50922655716568,28.3,-28.3,0.0,NEUTRAL,trail_lock,0.2999999999999781,0.7066688703649681,-0.759293147945338,6,100,False,v1-|v12-|v6-,-98.0,0.0,0.0,-69.4,35.0,-25.0,0.0,-35.0,0.0,-15.0,0.0,-64.5,-25.0,0.0,0.0
1763390700,2025-11-17 09:45,open_30min,Mon,ORB,long,25218.5,24948.082211033397,25624.126683449904,26029.753366899808,270.41778896660253,34.8,34.8,0.0,RISK-ON,sl,-1.0,0.1312783457614335,-1.0012285102791019,18,100,False,v1+|v12+|v5+|v6+,100.0,0.0,0.0,67.6,35.0,-25.0,0.0,15.0,-20.0,15.0,40.0,40.6,25.0,0.0,0.0
1763563500,2025-11-19 09:45,open_30min,Wed,ORB,long,24769.0,24829.580737246688,25071.903686233432,25374.807372466865,201.93579082228825,28.74,33.74,5.0,NEUTRAL,trail_lock,0.3000000000000072,0.6672913179545547,-0.1299918151859522,2,100,False,v1+|v15+|v6+,98.0,0.0,0.0,25.0,35.0,-25.0,60.0,15.0,20.0,15.0,0.0,80.0,25.0,0.0,0.0
1763655300,2025-11-20 11:15,mid_am,Thu,ORB,short,24939.5,24844.112097376703,24462.560486883507,23985.620973767014,317.95967541099526,32.79,-44.79,15.0,RISK-ON,tp1,1.5,1.6071220331303977,-0.11793948384029337,11,100,False,v1-|v12-|v15-|v5-|v6-,-98.0,0.0,0.0,-58.2,35.0,-25.0,-60.0,-15.0,0.0,-15.0,-75.0,-79.1,-25.0,0.0,0.0
1763736600,2025-11-21 09:50,open_30min,Fri,ORB,long,24280.5,24142.887656534112,24486.91851519883,24693.337030397663,137.61234346588753,34.02,34.02,0.0,NEUTRAL,sl,-1.0,0.023617067467538888,-1.4987754354399678,2,100,False,v1+|v12+|v5+|v6+,98.0,0.0,0.0,65.4,35.0,-25.0,0.0,35.0,0.0,15.0,40.0,51.3,25.0,0.0,0.0
1764185100,2025-11-26 14:25,early_pm,Wed,SWEEP,long,25344.75,25293.75,25395.75,25446.75,51.0,29.36,34.36,5.0,NEUTRAL,sl,-1.0,0.3137254901960784,-1.0098039215686274,19,100,False,v12+|v3+|v6+,35.0,0.0,0.0,58.0,30.0,-25.0,0.0,35.0,96.0,15.0,0.0,80.0,0.0,0.0,0.0
1769006700,2026-01-21 09:45,open_30min,Wed,ORB,long,25235.75,25270.431402595837,25409.15701297918,25582.56402595836,115.60467531945324,27.48,39.48,15.0,RISK-ON,tp1,1.5,1.6456946872977023,-0.060551184289534384,9,100,False,v1+|v12+|v5+|v6+,100.0,0.0,0.0,62.4,35.0,-25.0,0.0,35.0,20.0,15.0,40.0,52.6,0.0,0.0,0.0
1769525400,2026-01-27 09:50,open_30min,Tue,ORB,long,26037.25,25913.627390428966,26222.683914356552,26408.1178287131,123.62260957103354,29.11,34.11,5.0,NEUTRAL,expired,0.0,0.5621948949400337,-0.12740387906914433,20,100,False,v1+|v12+|v5+|v6+,96.0,0.0,0.0,78.3,35.0,-25.0,0.0,-35.0,0.0,15.0,90.0,66.5,25.0,0.0,0.0
1772462700,2026-03-02 09:45,open_30min,Mon,ORB,long,24892.25,24597.258044464532,25334.7379333032,25777.225866606404,294.99195553546815,30.06,46.06,20.0,RISK-ON,expired,0.0,0.3356023720046725,-0.3059405461961787,20,100,False,v1+|v12+|v5+|v6+,100.0,0.0,0.0,73.6,35.0,-25.0,0.0,15.0,0.0,15.0,75.0,80.0,25.0,0.0,0.0
1772722200,2026-03-05 09:50,open_30min,Thu,ORB,long,25143.0,24978.33452783791,25389.998208243138,25636.996416486272,164.66547216209074,34.02,38.02,5.0,RISK-ON,sl,-1.0,0.4053673130350831,-1.2904951913101896,8,100,False,v1+|v12+|v5+|v6+,98.0,0.0,0.0,76.9,35.0,-25.0,0.0,15.0,0.0,15.0,40.0,52.9,25.0,0.0,0.0
1773687900,2026-03-16 15:05,power_hour,Mon,ORB,long,24785.5,24618.882941317337,25035.425588023994,25285.35117604799,166.6170586826629,30.79,45.79,15.0,NEUTRAL,expired,0.0,0.18455493238880255,-0.8897648366386985,20,100,False,v1+|v12+|v5+|v6+|v7+,96.0,0.0,0.0,77.7,15.0,-25.0,0.0,35.0,0.0,15.0,90.0,80.0,65.0,0.0,0.0
1774619400,2026-03-27 09:50,open_30min,Fri,ORB,short,23525.0,23670.62603200719,23306.560951989217,23088.121903978434,145.62603200718877,29.92,-41.92,15.0,RISK-ON,expired,0.0,0.5836868506848008,-0.5768199465590972,20,100,False,v1-|v12-|v5-|v6-,-98.0,0.0,0.0,-75.7,35.0,-25.0,0.0,-35.0,-20.0,-15.0,-40.0,-80.0,-25.0,0.0,0.0
